material_id,property_value
mp-15687,1.3127695570522995
mp-2918,1.5535917818703104
mp-7429,1.1518599555125122
mp-9778,1.0455576691365478
mp-1714,2.1073253138011565
mp-11192,2.1634982997206205
mp-755089,1.8884547033322285
mp-21117,1.8730356297646351
mp-564,1.2850845033352187
mp-9251,1.1877180825676048
mp-13171,1.3474275986185413
mp-27275,1.6258369923234013
mp-8864,2.0039342061737084
mp-5486,1.7412461717440915
mp-7604,1.910309507284358
mp-2828,2.215534462428711
mp-12614,1.1046236604353257
mp-10259,1.1662228345720842
mp-22682,1.4360512752022425
mp-672645,1.9496046609729751
mp-936,1.4864021389750213
mp-30727,1.4039265648312684
mp-4120,1.6243130420833378
mp-20436,2.0725329609357206
mp-20418,1.871286814035664
mp-5407,1.9950777116991727
mp-9473,1.5609820555862355
mp-427,1.9313358035644173
mp-22987,1.0433229735745753
mp-1029,1.4039779636693548
mp-112,1.433321711630784
mp-11411,1.6400737840653885
mp-601285,1.79658127076655
mp-23560,1.6133237409729302
mp-30451,1.4423386396256759
mp-21255,1.9167959852358711
mp-9023,1.8024658484457843
mp-7089,1.160768561861128
mp-865527,1.5906635346736262
mp-3698,1.584512142712952
mp-12403,0.8773137433122384
mp-754538,1.1710239957857231
mp-4842,1.657285375181782
mp-10154,1.629542110064862
mp-22722,1.9179254220647413
mp-1569,2.3594750011083763
mp-696497,1.4821300753920297
mp-20997,1.6053589254888496
mp-21328,0.9745577448535799
mp-2879,1.8747890202045965
mp-12657,1.94996543143479
mp-117,1.3502286297548654
mp-866155,1.9637122913018996
mp-30886,1.7333818612318692
mp-570150,1.594105135786845
mp-22508,1.940670851175732
mp-2337,1.851588531651656
mp-2654,1.3330238577580895
mp-567769,1.60372881465577
mp-9578,1.341117839133862
mp-23713,1.5116160205691376
mp-755300,1.6670137665831328
mp-730,2.07047009786774
mp-22396,2.012246519985071
mp-5077,1.3542237232648509
mp-5795,1.8688030826362942
mp-841,1.7044336600521992
mp-389,1.727972084603421
mp-1903,1.4716583590181602
mp-7591,1.5644885234107928
mp-8978,1.4728003152312845
mp-29076,2.1075016632730392
mp-889,2.3131498314684946
mp-978273,1.1440134657861987
mp-30840,1.6225248624035682
mp-568711,1.9124558853381883
mp-568809,1.2717022383537004
mp-215,1.5326779568175808
mp-2352,1.4854374810763014
mp-865842,2.0783335450305445
mp-603,1.9273395609196515
mp-12759,1.5015932393273523
mp-22253,1.2290159427634098
mp-999079,1.6236627073562047
mp-568636,1.8590301607254607
mp-11572,2.109376031404376
mp-729,2.1899757110253004
mp-22565,1.847634344318255
mp-865798,1.6574192072082565
mp-11917,2.2215289911921356
mp-8884,1.352317610936827
mp-7748,1.9405115044627033
mp-7596,2.041550581717646
mp-30849,1.8784241257073346
mp-8188,1.759403411038759
mp-1479,2.209375588997464
mp-20565,1.7995541973530749
mp-17783,1.5395528078822747
mp-12724,0.9441370731580979
mp-21385,1.7438702206278645
mp-2213,1.9411286475715157
mp-2657,2.0309112660674673
mp-16493,1.6495684969219746
mp-28376,1.1167737269758997
mp-615314,2.024830339364429
mp-11277,2.0156866108515423
mp-643409,1.7072379415058816
mp-1782,1.5975855017522047
mp-30875,1.7860625335070563
mp-29011,1.4277456993497206
mp-570199,1.6342152037167434
mp-30798,1.9188792132278265
mp-13963,1.4573822464303816
mp-226,2.1313844542559517
mp-557993,1.4609579485599657
mp-1649,1.5014290085945208
mp-569265,1.4412551209304292
mp-10010,1.9872952583319967
mp-20268,1.8384397799254488
mp-21471,1.5944478006117335
mp-3642,1.6681994841986618
mp-865146,1.8509401573522481
mp-11452,2.0576737097010556
mp-11481,2.2617742022502965
mp-31498,1.2817830715064469
mp-607111,1.8904824975805234
mp-8200,1.4129307085295952
mp-569066,0.5871494982543437
mp-1638,1.5105182010778093
mp-1791,1.8896825938141546
mp-35785,1.358030076576957
mp-562,1.747442883302837
mp-29152,1.8979183557195078
mp-10597,1.5258090111270903
mp-672,1.2377949932739225
mp-10901,1.8002151507339141
mp-754403,1.599752109269689
mp-696,1.8444398956493537
mp-7916,1.9714150233849952
mp-38394,1.1159764294548176
mp-559,1.6843605477098162
mp-157,1.1006806447250994
mp-546125,1.8303063175832084
mp-14208,1.6869578497893178
mp-12952,1.8055008581584002
mp-2773,2.0811852273835525
mp-1006226,1.2347702951609165
mp-23227,0.9896722476238732
mp-568607,1.9887461892876694
mp-755328,1.730693470317932
mp-31219,2.08349903652768
mp-570213,1.3355982965330029
mp-23037,0.9682961150462555
mp-736,1.5371892262436446
mp-935811,2.0396242747822235
mp-9437,1.903768042526874
mp-3871,1.9733587998863977
mp-1089,2.2134035238535397
mp-4846,1.4927184936477447
mp-2065,1.5360657945120062
mp-573697,0.785329835010767
mp-6606,2.0099180846659013
mp-90,1.8863327711856877
mp-11521,1.6420686273415042
mp-10155,2.111672412474063
mp-752463,1.7613488943131435
mp-569581,1.073021454359739
mp-1692,1.3726358805817207
mp-4076,1.7420413451848578
mp-12806,1.3367598336982478
mp-5443,1.9116316102082096
mp-372,2.0386320820372203
mp-1114,2.033528295279234
mp-999473,1.7278583226234523
mp-4253,1.6527586802732495
mp-30405,1.328705711568874
mp-818,1.9813428417603993
mp-10910,2.014323087296508
mp-753257,1.284926786990287
mp-22793,1.948290680973653
mp-20083,1.7868720427495592
mp-8911,1.176987874800811
mp-20622,1.6445862835627505
mp-20828,1.6400936784530191
mp-30443,2.071322216505364
mp-10463,1.814999632520867
mp-28896,1.8263016137160404
mp-5782,1.3373793836958194
mp-11176,1.7275981832857807
mp-1067,1.5109737313489335
mp-29896,1.5774573306533584
mp-20211,2.0011883395976144
mp-9514,1.9604517499769825
mp-972954,0.6891311972344978
mp-7350,1.6304990650066444
mp-3138,0.9460590603851238
mp-565,1.7060688423272055
mp-20086,1.7027492467711314
mp-774712,1.2521488548185071
mp-3378,1.966061909120504
mp-22980,0.22788670461367352
mp-38035,1.3449617887896825
mp-2931,1.8553919378160202
mp-31379,1.4765707996807491
mp-30856,1.8287694228744533
mp-16488,1.8586574840908079
mp-10911,1.8294710244221117
mp-9615,1.6862160693252493
mp-21855,1.3219710555263013
mp-866132,1.2689989585426735
mp-2612,1.6161287801577158
mp-1046,1.6747784975614222
mp-423,1.6275399491989606
mp-11231,1.7687786508218433
mp-20757,1.8020892578817327
mp-505825,1.1640552918934517
mp-4666,1.5985388274765882
mp-7068,1.5041989185394449
mp-4262,2.125572344130855
mp-754358,1.484442207642407
mp-569815,2.0371873709371133
mp-971,1.0965624383741355
mp-2339,1.7490557485374274
mp-21845,1.8414095303340992
mp-949,2.033849798435999
mp-865229,2.0597413399567746
mp-10055,2.265852758875611
mp-20901,1.5872281473128154
mp-21003,1.871596284083929
mp-4779,1.610053003934577
mp-1425,1.8619822141108484
mp-9573,1.5193947953810176
mp-1367,1.663559591825922
mp-14796,1.0484029561527397
mp-3104,1.6101169554119277
mp-30533,1.1171718275142668
mp-22566,1.3460398565698053
mp-3390,1.8816870167696613
mp-977218,0.8596785766284483
mp-4613,1.8925008677009674
mp-2006,2.09288899763177
mp-3805,2.1241682666081907
mp-2053,1.916685510529233
mp-753197,1.8708718950677428
mp-2070,1.8621313793130372
mp-697111,0.9541942518158625
mp-2340,1.4770633449280035
mp-2243,1.9946778149027795
mp-22700,1.7306773219397824
mp-542812,0.8662282473796472
mp-284,2.092113330546088
mp-2674,1.866287339084195
mp-35539,1.3192726631218907
mp-1232,1.922107562929692
mp-570689,1.4601307636959497
mp-12648,2.159227203701972
mp-20619,1.7567958018962755
mp-21167,1.5892009427767457
mp-30593,1.7954420277224432
mp-30357,0.9708580569965023
mp-647,2.003335568299612
mp-2696,1.5568329810176795
mp-10046,2.06270605064292
mp-2685,1.5827676673708988
mp-1143,2.1091159980757945
mp-636328,1.947918723586743
mp-16495,1.9679035028617016
mp-30481,1.8978084675613611
mp-21347,2.2502247699019633
mp-945184,1.3015074570384364
mp-567191,1.580411726277412
mp-30244,1.5415667640407795
mp-5473,1.6101169554119277
mp-691,1.1680258087746291
mp-14797,1.042221002390382
mp-20847,1.7019390921147028
mp-643002,1.7484593762695753
mp-571033,0.9958544798745659
mp-1914,1.7241119539612122
mp-1775,1.3217433782042307
mp-866311,1.4487063199050798
mp-2644,1.8413845011157595
mp-3833,1.5178949583575694
mp-12065,1.5410547788827007
mp-754126,1.502768412325693
mp-4728,1.4190134804358074
mp-20033,1.7648931352061223
mp-2760,2.206804295645654
mp-530399,2.080777958578949
mp-15778,1.6627672727633431
mp-30671,1.806308886023768
mp-30744,2.267056683817446
mp-30866,2.1378096916138194
mp-5305,1.480323201241355
mp-10615,1.3897860623169342
mp-20952,1.7735304721389142
mp-2845,1.5279905891964338
mp-31469,1.804214421768175
mp-7483,1.1130069400009353
mp-4627,2.0238653906780883
mp-755570,1.3034552603418825
mp-20730,1.9093420383613084
mp-569346,1.180297952488594
mp-23060,0.6018427897820982
mp-570904,1.7509324541190658
mp-542640,1.7256013111086377
mp-2151,1.2809878890046467
mp-4500,2.0010107291001633
mp-13911,1.2016155823139427
mp-628606,0.5962671263955154
mp-16828,1.5946908181834898
mp-30472,1.400468911217488
mp-12693,1.634688823826319
mp-10300,2.0527477926406403
mp-672371,1.7123129086813655
mp-754850,1.4877179909261877
mp-1477,1.2704226083327774
mp-30354,1.5556022398513343
mp-1211,1.5382594603421658
mp-31011,1.810508066379194
mp-21374,1.1070063463815438
mp-5676,1.4657990986731795
mp-14088,0.9208013818256542
mp-11566,1.6609223687510941
mp-14092,1.2245330626060857
mp-7938,1.6665647770079086
mp-1595,1.6984572342534907
mp-1500,1.3939961332583457
mp-21342,0.7094395741324109
mp-4826,1.7996437603637392
mp-569018,1.1594468733874697
mp-28110,0.5952757118020994
mp-30247,1.6073263243007312
mp-2723,2.027598287393457
mp-758594,1.5944698987383297
mp-20004,1.9300928363614875
mp-4492,2.0471502089263174
mp-22631,1.9412529654276192
mp-567462,2.06542658305913
mp-1526,1.676501563293181
mp-13334,1.797059694699971
mp-22258,2.0146885118723374
mp-862260,1.4698072938817903
mp-13444,1.2439305368042752
mp-998147,1.2412475512637162
mp-9744,1.4168068718229445
mp-20483,1.0493731001515305
mp-3721,1.9913146981766108
mp-7006,1.9018123695306512
mp-11464,1.174234304941022
mp-620571,1.3571340930864342
mp-27677,1.2760249922385791
mp-3536,1.992266249484483
mp-23052,1.1847198151502714
mp-27226,1.7371926427047373
mp-2659,1.2740654363509143
mp-11513,1.9564949893598633
mp-2478,2.1535099893008374
mp-7804,2.1957059747470984
mp-570485,1.6077658882262802
mp-4472,2.237267189503993
mp-2643,1.7627535649333739
mp-932,1.656270735080811
mp-976262,1.2709116394104811
mp-28270,0.7610252517113726
mp-2008,2.048197006911957
mp-862664,1.5984512526557528
mp-12699,1.2205003456147299
mp-754322,1.7529084979974852
mp-9919,1.4124437465447621
mp-11350,1.752494043569587
mp-4997,1.8916991033241517
mp-12521,1.4455419343679201
mp-30685,1.8624593625287174
mp-971669,1.6742363358069288
mp-1491,2.3816943554531482
mp-5042,1.6925208558135523
mp-31055,1.8709595870381373
mp-569803,2.3207547031967293
mp-13138,1.676721037883893
mp-20949,1.9368102081003225
mp-569249,1.8133741324166732
mp-644280,1.8438243115889486
mp-22862,1.1552752927300998
mp-11507,1.9665218674398401
mp-10991,1.6762453693429875
mp-2605,1.870456579312838
mp-239,1.2902127469195288
mp-568560,0.8086160354269919
mp-361,0.8969669019331548
mp-3909,1.8982533429761363
mp-7427,1.4596035518362371
mp-11359,1.4860051863622423
mp-766486,1.3352371869097286
mp-6972,1.5113618946581846
mp-7250,1.950676344066294
mp-10909,2.1450564891493547
mp-1412,1.3073890556533043
mp-3163,1.9498338336916783
mp-1915,2.1477906785497716
mp-4064,1.8673614056955155
mp-569779,1.6646607757761194
mp-4730,1.2710279942623233
mp-23710,1.558648580964467
mp-505803,1.6124871640450116
mp-760,1.964749762054127
mp-571039,1.455179975545529
mp-13364,1.4712623658457848
mp-865147,1.9848557227919255
mp-29641,1.1469647969897474
mp-550893,2.065079035342899
mp-569558,1.4851817713873772
mp-894,1.8095597146352678
mp-15819,1.811554899179143
mp-971706,1.7761052544530467
mp-13155,1.6984137513212574
mp-31301,1.30629632863675
mp-2343,1.4503568985364947
mp-9567,1.3952215205735132
mp-3173,1.5992825013197454
mp-535,1.7539505600630512
mp-22268,2.035449751294015
mp-17695,1.716237131572411
mp-390,1.6753199833392922
mp-3574,1.6737211147697502
mp-29398,0.6190933306267428
mp-754826,1.1713168246565726
mp-2540,2.0969933895446906
mp-864631,1.7508014254615918
mp-504659,1.895814670592694
mp-2858,1.9343115634121344
mp-541037,0.8414220444023593
mp-700,1.1431709932001783
mp-618991,1.4641466264595733
mp-20738,2.0936142730713367
mp-2322,1.785820808516618
mp-12360,1.22855433653901
mp-2105,1.9786825651569444
mp-643257,0.9068197154665455
mp-571270,1.2341628193907155
mp-738,1.3767958738797157
mp-2731,1.8652283795242255
mp-12029,1.6766844664868985
mp-13082,1.9927831957767823
mp-4368,1.4979243425752615
mp-2809,0.9476787399369366
mp-12752,1.8930790006006526
mp-672287,1.4477160513115068
mp-754516,1.5085027851449948
mp-541014,0.6547539332529303
mp-567345,1.782200208873481
mp-561511,2.0696052047413342
mp-11454,1.7507012003958684
mp-6988,1.8992129405248428
mp-568661,1.1671400355083579
mp-570483,1.7307338386365525
mp-1842,2.014982308585482
mp-775935,1.7040560947322627
mp-28024,1.6998377258672457
mp-567749,1.9491068910134999
mp-305,1.9776275927384384
mp-753605,1.2181940270929839
mp-30438,2.2105913733264337
mp-429,1.793804348919109
mp-22040,1.7943904414262826
mp-30312,1.6032418342604853
mp-8256,1.2917683241715185
mp-306,1.5565316512788911
mp-21078,1.8425593178354738
mp-13272,1.532690694780652
mp-22864,1.415440798061818
mp-557862,1.2396997966866603
mp-14983,1.9386848057553607
mp-20545,1.42255701211936
mp-11269,1.3694199649655836
mp-10394,1.8697009736738779
mp-1670,1.8393523288954212
mp-229,2.0419016957345577
mp-30768,1.3759560927879364
mp-592,2.035953777442252
mp-21249,1.748854467645939
mp-568974,1.4615285391863273
mp-11453,1.926789889273908
mp-560588,1.5325887806135357
mp-862779,2.2427302109494347
mp-10208,2.0386082415350053
mp-17177,1.7673117386899666
mp-10457,1.969164209578722
mp-7931,1.4304620698195554
mp-10455,1.7205479264415788
mp-733,1.460612226534829
mp-10887,1.7536519890544517
mp-21476,1.9458082064905677
mp-864954,2.262799809191574
mp-570196,1.7013002459043916
mp-902,1.1622058311770098
mp-30767,1.3607637659541545
mp-2294,1.537944959291487
mp-823,1.8328983257661293
mp-316,2.0807166549864715
mp-4280,1.7405995128111564
mp-873,1.8777168008649767
mp-30788,2.0118536786794943
mp-22717,1.4058583993176366
mp-8237,1.472902651803664
mp-6962,1.5244480525692754
mp-1918,1.874881717897221
mp-10228,1.174873528887417
mp-1822,1.8519978544220657
mp-5938,1.650851265176372
mp-755690,1.9746728537842289
mp-5025,2.057783978708098
mp-922,1.939873532308229
mp-2034,2.2243569265667325
mp-11407,1.8905327919277448
mp-571367,2.0285021179186282
mp-3813,1.4588945733474097
mp-12580,1.363687175889545
mp-10469,1.915689971526297
mp-30151,1.2868156134365865
mp-1221,1.624364614263031
mp-8484,1.7939439665123846
mp-7623,1.4049362937526992
mp-891,1.915489534407597
mp-4852,1.5034638181532143
mp-622570,1.7539888235569572
mp-11358,2.150618303041024
mp-2762,1.944610967477127
mp-30062,0.7175872968554604
mp-30682,1.8763160077698706
mp-2567,1.7176621831049084
mp-16860,1.4315728185856536
mp-30784,1.6010055481796701
mp-556548,1.7049222912234017
mp-1867,1.9204520546407624
mp-4448,1.805915245116206
mp-21035,1.8817668503143536
mp-6980,1.5689405696162968
mp-862318,1.842259666617121
mp-9350,1.6471775119704626
mp-3020,1.9511285796989084
mp-2283,1.6859744938802255
mp-11230,1.4869119740739603
mp-13964,1.7792500718175717
mp-22735,1.2280408646396321
mp-567705,1.910784434792837
mp-7589,1.8646593803536362
mp-754478,1.9913678629878786
mp-571599,1.3057167110913648
mp-10054,1.7119252736328792
mp-216,1.901491014856743
mp-13452,1.8310374856400253
mp-10390,1.8550039962596394
mp-1545,1.9387298168432046
mp-756361,1.6826323684236828
mp-13149,1.5725695812577847
mp-543001,1.80779201106133
mp-753490,1.8518879250048645
mp-522,1.4955443375464486
mp-555599,1.3136985295603114
mp-29556,0.7211508437496841
mp-9272,1.2037398086338582
mp-875,2.0965241881765366
mp-2128,1.3825933166443667
mp-13472,1.9938857240705694
mp-778,1.9776001566820423
mp-22592,2.030765636902749
mp-8409,1.6668641549612322
mp-12595,2.1228185556401953
mp-25433,1.4806248694621988
mp-2089,1.0315296458034229
mp-755759,1.9138244448028805
mp-580287,1.307496037913213
mp-755769,1.6554841953973067
mp-14116,1.6287872763615732
mp-22144,2.032352784840424
mp-30404,1.33779857726225
mp-22546,1.8031497230566709
mp-2743,1.394801777162711
mp-22095,1.3082014606510761
mp-22889,0.7541188942254128
mp-9946,1.530391821401041
mp-569568,2.215076821611644
mp-11958,1.3565803286402582
mp-2695,1.9432075295339866
mp-999096,1.695577981120138
mp-21336,2.1562067899481363
mp-3886,1.9704259162126725
mp-2225,2.16163748070459
mp-2126,2.176984985465926
mp-9223,1.915215102041841
mp-862,1.4605671120610022
mp-10550,1.8518818169990714
mp-604908,0.8681740408596383
mp-2323,1.4907027477117165
mp-1609,2.031287248876998
mp-11578,1.815471485910744
mp-149,1.7954976699424587
mp-1357,1.9868209813636368
mp-6919,1.5727438497412847
mp-7090,1.2089785172762535
mp-684709,1.8383011565332632
mp-988,2.087653665350347
mp-650,2.1204093945560682
mp-570713,1.709303888906937
mp-863744,1.3487720138446229
mp-753848,1.6209476455592238
mp-22922,0.8106357002755373
mp-786,1.6191977157929474
mp-8432,1.7054788321113088
mp-487,2.057373179619466
mp-153,1.3871939936968682
mp-20432,1.4207476547694762
mp-19856,1.6517333966103818
mp-22792,1.297344614534694
mp-999068,1.532767114714318
mp-842,1.7702037668239208
mp-11486,1.883462692864442
mp-23152,0.9224659452984133
mp-11252,1.4521699185354349
mp-3519,1.702714802874462
mp-2327,1.3809705928163434
mp-867840,1.9435687056648863
mp-571499,1.982709829876844
mp-140,0.9462557071993973
mp-3349,1.9206085045386705
mp-753508,1.2037941395880674
mp-4864,1.4573064916669975
mp-753722,1.2080918452756948
mp-11567,1.6960679284108973
mp-864639,2.0211603451393363
mp-4019,2.0101514907690365
mp-11286,1.2892767190393597
mp-570670,1.7078255683322314
mp-3576,1.8909516851363484
mp-7577,2.0638960381259945
mp-7910,1.200303182981585
mp-1672,1.5926762974007322
mp-21008,1.9331632177044615
mp-985825,1.8316394539936074
mp-16481,1.7343517072947652
mp-29135,1.8177372024798544
mp-6985,1.5692919595285864
mp-11512,1.7210435361519485
mp-31455,1.6899034974559155
mp-753946,1.6807614389476633
mp-2354,1.8377966981466873
mp-903,1.7358702489615547
mp-13453,1.5500937620807411
mp-22027,1.3257618853192303
mp-31080,1.800407739474868
mp-600124,1.6997683719095922
mp-1941,1.6293484265578042
mp-636334,1.725552292750614
mp-5777,1.7099310780181243
mp-1272,2.0225397144707786
mp-927,1.712531853803205
mp-830,2.013456601166247
mp-4131,1.9593181072229662
mp-21124,1.420632258334121
mp-20146,1.7779123227074614
mp-31510,1.5734750147129575
mp-7048,2.0121029417880214
mp-10440,1.7149581097201492
mp-21104,1.6876805365303862
mp-2083,1.5247205856840467
mp-570081,0.6411765466131141
mp-862679,1.9570754655649651
mp-5962,1.313909382835271
mp-571263,1.4703957888150294
mp-8219,1.8083460357403949
mp-13503,1.6957005197711714
mp-8221,1.9297764328049019
mp-11412,1.6940521084606837
mp-9575,1.6784455352824954
mp-11959,1.510437763760357
mp-568077,2.0583652797220435
mp-127,0.3220124385824005
mp-42,1.7802020611657063
mp-570935,0.7926017811649665
mp-1069,1.9778652993183317
mp-22318,1.5259513412480126
mp-9549,1.5771124882643468
mp-23002,1.1625942744424218
mp-213,1.272004146243442
mp-1393,1.1583323317089809
mp-3679,1.7148743822315722
mp-571053,1.917043136367086
mp-27743,1.0215200641140327
mp-22956,0.8322533701970081
mp-1008922,1.8261914631601865
mp-8881,1.5978925476566541
mp-246,1.477425154504475
mp-10918,1.1382079326681631
mp-12585,2.188061841639813
mp-20679,1.9380691862233856
mp-1332,2.083832157252138
mp-972845,2.006594386184137
mp-7140,2.270634589412764
mp-977382,1.9165223774406963
mp-11697,1.8604278513077697
mp-570923,1.7451997504325536
mp-8110,2.084057674591934
mp-10746,1.7372960338448287
mp-28897,1.8634061414875203
mp-8790,1.5944146513134179
mp-7486,1.4435602404884074
mp-8016,1.454463732751138
mp-865986,1.4274049553102737
mp-3054,1.4490153163477864
mp-3668,1.5520351691576162
mp-570430,1.9721657967583415
mp-4798,2.1416065301182505
mp-1224,1.0375061776916779
mp-4366,1.4069487359503539
mp-554573,1.5733706379092738
mp-9166,1.5018394690389456
mp-8456,1.4674305042390494
mp-13725,1.64104753891706
mp-20928,1.8918941128129936
mp-10212,1.7554861024573511
mp-16238,1.3146886510461164
mp-571193,2.0645702922440257
mp-12550,1.922242640287164
mp-10873,1.2746657690813887
mp-5046,1.535028144032475
mp-2672,1.2162978866303924
mp-10892,1.6416327279207288
mp-510219,1.803955312448294
mp-2682,1.7721969758706335
mp-30778,1.8373106029123634
mp-1695,1.6841089494760706
mp-12622,1.3697722885969628
mp-4478,1.3382970902326912
mp-1359,2.040420357126199
mp-18468,2.0657477239435993
mp-585,2.2347955882206425
mp-1342,1.5688819769795863
mp-1890,2.312405872352393
mp-10270,1.983080257279901
mp-755000,1.761890268068682
mp-553303,0.8595585726260535
mp-975906,1.5979473544463816
mp-11644,0.9317628884811777
mp-3803,2.1616853704874783
mp-15965,1.9461868909423448
mp-865520,1.4443415145026297
mp-505824,1.0798683351751734
mp-1424,1.6245811505667669
mp-510691,1.8090476860843707
mp-10113,2.0857328551342733
mp-2025,2.0806841966397704
mp-755453,1.9876394557974717
mp-1907,1.1514004980356176
mp-12104,2.1546400014247094
mp-639910,1.745691426703406
mp-13108,1.962165638368427
mp-7692,2.2505712470817154
mp-1266,1.1957336482732113
mp-16648,1.610894278373339
mp-132,1.036389328665692
mp-11272,1.8693842828840115
mp-10063,1.259426626587052
mp-571247,1.994022242731556
mp-1502,1.5864072489138263
mp-8352,1.7275900514201479
mp-568865,1.662465056301851
mp-2012,1.143202225049597
mp-643243,0.7305400364771192
mp-12798,1.9587549498690895
mp-542136,1.3434282892521228
mp-22899,1.0959709223437146
mp-2000,1.3644196553502352
mp-1601,1.8780447287830655
mp-8093,0.9971241556592045
mp-504741,1.9604232070778296
mp-505297,1.8322022436466041
mp-742,1.7328680077241803
mp-3216,2.0540842262053514
mp-7908,1.2824181708776474
mp-10200,2.0597413399567746
mp-756134,1.874249822778403
mp-30816,1.463026521086427
mp-5839,1.8022536284691626
mp-569167,2.1537782906376646
mp-10379,1.8642202674608295
mp-1953,1.8354115189812368
mp-755875,1.9707094119117206
mp-2385,1.8908623551488832
mp-23804,1.7914309769645094
mp-7080,1.6714968222018747
mp-569298,1.680906339620688
mp-5778,2.139239762581562
mp-16719,1.8771178374489306
mp-1356,1.4696453178749986
mp-37906,1.9188896828222703
mp-11113,1.779553203936304
mp-755302,1.440027009696617
mp-569125,0.9706722426897193
mp-11826,1.6990047465049027
mp-15686,1.5793262037552551
mp-8426,0.9383195433421556
mp-12532,1.1244716189194877
mp-11580,2.091825173725554
mp-1346,2.31746158745103
mp-5920,1.7045108489013214
mp-30493,1.760739041085306
mp-5396,1.8825074618204103
mp-17862,1.5558438366988552
mp-9953,1.9222218618896045
mp-16336,1.9694159123539814
mp-11547,1.3987557157733679
mp-570698,1.6575912163788606
mp-30501,1.462487842635732
mp-23034,1.1110271510261749
mp-23737,1.4922154336040927
mp-1001023,1.6526620587364305
mp-3623,2.0116338704866497
mp-20932,1.9885455800458531
mp-30459,1.7289864979027374
mp-22759,2.2900680173455275
mp-13463,1.9641794598639375
mp-21371,2.0546704971179004
mp-4697,1.5215826155303274
mp-641526,1.914570559969468
mp-1008557,2.248336253514429
mp-505822,1.8758827501817763
mp-2677,1.7438467217515823
mp-505215,1.39411882769457
mp-13456,1.5253946944447743
mp-2090,1.960960450242191
mp-1969,1.8408460237260371
mp-8566,1.5063291142799577
mp-567612,1.8392580161478855
mp-11278,2.0469865403802294
mp-12760,1.7138348180852998
mp-558432,1.160948480864697
mp-7857,2.280177578418751
mp-3762,1.3978010121972064
mp-2647,1.5927206731620709
mp-1575,1.3659370228236174
mp-11413,1.7091087670970664
mp-9768,1.3348556896172916
mp-20674,1.7455353992962048
mp-2749,2.0349651749645363
mp-30494,1.4662594789354515
mp-2614,1.9214315452319197
mp-865594,1.5795549604009986
mp-5652,1.7771729868397046
mp-11270,2.2888280480742997
mp-2772,1.9519297761483234
mp-30408,1.4752788388753837
mp-510409,2.0204607280128495
mp-1008785,2.2710466081460643
mp-504908,1.779964259394256
mp-3676,1.7643330779375077
mp-540957,0.5903959471840129
mp-1169,1.5550218584761522
mp-15780,1.8754143460028423
mp-12761,1.437179581752512
mp-567636,1.7783972808879942
mp-554973,1.4103553834344706
mp-782,1.2545480771089739
mp-11533,1.8479981086256443
mp-637614,1.3557579277461793
mp-1124,1.637319580836231
mp-31277,1.5725928210962867
mp-570557,1.5827222628249187
mp-31454,1.8542209967929528
mp-399,1.4599801970317376
mp-30245,1.5374034841580082
mp-567313,1.1761202110560856
mp-756214,1.9362221043029204
mp-570276,1.6651211271244977
mp-697179,1.3832586817081751
mp-352,2.0022611207912404
mp-15722,2.228151312339839
mp-20800,1.6509967948442825
mp-12558,1.565871420993129
mp-801,2.0866018290156494
mp-776911,1.700911298355967
mp-16529,1.8670489021006171
mp-30428,0.9352048674265814
mp-8053,1.4342654305603044
mp-638,1.3832047711486477
mp-1786,1.8531565266376733
mp-556,1.5826655004662353
mp-12962,1.7734280407434018
mp-22535,1.9404417718867821
mp-5606,1.3853559906808084
mp-1042,1.9815150837138575
mp-20897,1.6880102529917387
mp-976139,1.0518468383137358
mp-864957,1.9717581302778433
mp-1934,1.3522790172744976
mp-864920,1.5584325498796427
mp-24286,1.4930535435716459
mp-631,2.2364440444329654
mp-7017,1.93257015112013
mp-2592,2.255795755888101
mp-76,0.7332775339325817
mp-569837,1.7715874808812553
mp-1769,1.467341676323573
mp-7424,1.6661434272915583
mp-570001,1.7570238338683495
mp-510441,1.5926984858481852
mp-1501,1.8023974017187863
mp-2554,1.9922706704370092
mp-317,1.7403390000582404
mp-865050,1.8342998728894109
mp-20327,1.9540108239273466
mp-5414,1.1727780146558526
mp-8231,1.9274216950504186
mp-554089,1.5575673493307112
mp-4979,1.550827388452839
mp-10189,1.4316049718752146
mp-27838,1.0290995668235428
mp-15988,1.5290323254269755
mp-2481,1.4846698998853332
mp-10712,1.947227799844787
mp-5541,1.7916696003122177
mp-8843,1.3672999996814041
mp-752398,1.7396039858826151
mp-1008920,1.022593314021462
mp-2824,1.7208866542612524
mp-12814,0.8863779067585722
mp-2517,1.3480321261824868
mp-1086,2.2461192692229224
mp-610972,1.9944183442544974
mp-11737,1.7258136600838037
mp-570930,1.0664750137541312
mp-9381,1.7842962667600073
mp-712,1.5028775692540763
mp-21023,2.064525374521938
mp-567681,0.7412304110254707
mp-514,1.7742029923846487
mp-571622,1.5311083313295424
mp-8150,1.2132520521963968
mp-867222,1.4168235047668543
mp-971662,1.6623516708872252
mp-569331,1.2507126864591853
mp-661,2.087447762866003
mp-30819,1.7760179766227884
mp-23054,1.3723411564023453
mp-11293,1.7064190488337676
mp-1105,1.5559766576994298
mp-11190,2.1722554734152233
mp-1982,1.7998847997817171
mp-569458,2.2303032805755483
mp-8996,2.037235206872238
mp-3700,1.501907841413007
mp-569785,1.3911469064159911
mp-30594,1.6754483724431402
mp-13160,1.7343837313689532
mp-570452,1.6264224956812445
mp-753,1.455179975545529
mp-13033,1.1037353227383333
mp-2133,1.632669831873192
mp-30835,1.8683269759516186
mp-1009488,1.9302815480670354
mp-23251,0.873494982256169
mp-3274,1.715234295962324
mp-571458,1.0072355375459516
mp-2311,2.1697919538760315
mp-29009,1.0885613117912154
mp-760396,2.0686051061304216
mp-567996,2.0315700321411003
mp-10402,0.8581159321900661
mp-754455,1.8422346863472396
mp-7955,1.3837256264446427
mp-30,1.6976041741855294
mp-7753,1.6150342290847544
mp-10670,1.5329962938657595
mp-9124,1.6124023574675301
mp-9923,2.0925381886481698
mp-7632,1.9749029801577267
mp-20007,1.783109981483548
mp-862316,1.9011748749284991
mp-540791,1.948412965778601
mp-191,1.617932967253275
mp-3731,1.6913379243444326
mp-643367,0.8125122842899827
mp-867266,1.0407209836011935
mp-8882,1.7147990136881348
mp-4247,0.5969268143429706
mp-2676,2.0760648861915096
mp-2280,1.3940311923487303
mp-1885,2.076949763757673
mp-1925,1.6878320589625264
mp-1509,1.0674056584378244
mp-13829,1.1967287226232868
mp-11504,1.6819915563906906
mp-10721,1.9276013093257225
mp-1260,1.6646701755809334
mp-9564,1.5573868820595071
mp-4756,1.3521439124415826
mp-12742,1.6088040641810681
mp-6969,1.821958730372928
mp-864670,1.9774949690730363
mp-2210,1.472712578972016
mp-1734,1.5451586143334477
mp-20335,2.4431362019159977
mp-30363,1.2241962696602398
mp-18712,1.414103889258189
mp-756018,1.6040963935874917
mp-10322,1.6442908451282938
mp-540839,0.6634182122526797
mp-11322,1.9715031442654405
mp-31502,1.7951985091542895
mp-30818,1.5718601681260016
mp-248,1.965850540459601
mp-12635,1.601679817305896
mp-1336,1.5381840008582675
mp-3464,2.0731352348129466
mp-20862,1.7412304110254708
mp-15113,1.8313898024336337
mp-569833,1.7427094241677898
mp-648,1.2831428633032418
mp-30777,1.89247861644342
mp-1047,1.5250318428289635
mp-1825,1.5323211420823306
mp-20155,1.745800612545066
mp-31153,1.5519864349958745
mp-754238,1.744644971105124
mp-22934,0.824060717418653
mp-12777,1.680516809381255
mp-31456,1.6744018128452818
mp-29157,1.9094276473664946
mp-9339,2.0182343387850503
mp-1459,2.371610852802393
mp-1331,1.4997832764382577
mp-11022,1.5929313961294485
mp-2580,2.296726601300718
mp-10025,2.0101472481411538
mp-2371,1.1432334546531702
mp-2604,1.345706921278428
mp-8044,2.180358163448052
mp-2572,1.2132254727734009
mp-1473,1.9295108842210797
mp-567841,1.855694776220782
mp-10172,0.66162340922923
mp-5723,1.8641312039452556
mp-754701,1.7160033436347992
mp-28163,0.9934362304976118
mp-1630,1.7691704699246196
mp-18427,1.91836065259081
mp-4002,1.5479469126789067
mp-11869,1.765906867122167
mp-5288,1.9159113997169723
mp-976280,0.9257245269360627
mp-893,1.9676696365100208
mp-1578,2.024863150975347
mp-810,1.7011619933473565
mp-30460,1.6935686751336694
mp-9972,1.817148723002323
mp-6959,1.0273496077747566
mp-17848,1.8712576073615503
mp-642644,1.6529904842944465
mp-14024,1.716754357432697
mp-7918,1.9138509247205702
mp-4823,1.3447262179398602
mp-1882,1.566425706567533
mp-9690,1.0582361689427673
mp-20112,1.8285890118294232
mp-22617,1.6417021048278087
mp-11327,0.8437931983259126
mp-2318,1.7922025200630254
mp-5597,1.8996727953090797
mp-10759,1.6473144948659038
mp-11279,1.8674969505287078
mp-567929,1.8921001705327622
mp-779545,1.2140486794119414
mp-2078,1.7962342571311232
mp-760376,1.3854811501692441
mp-28895,1.5410547788827007
mp-12773,1.6155818494453649
mp-569671,1.7730986332474665
mp-4651,2.0048112911182776
mp-9951,1.9115570824599126
mp-16733,1.7307499849134167
mp-11345,1.9079646261770316
mp-13010,1.576064788225377
mp-7173,1.7280289544205185
mp-9970,1.7561719029186886
mp-10905,1.8869980456710993
mp-628,1.3660118173612865
mp-27335,1.3004867879860291
mp-580357,1.686198179455338
mp-625,1.7178867644077132
mp-1038,1.627775375229303
mp-739,1.9543486573395752
mp-2797,1.6282662884110808
mp-30437,1.38519501831988
mp-20465,1.7115288540590414
mp-7790,2.0215448613399603
mp-19963,2.0341389479232665
mp-20492,1.8686444383948257
mp-11038,1.666049738480516
mp-31459,1.8219979909971946
mp-1138,1.6991263222139739
mp-915,1.4573064916669975
mp-30867,1.7451763233866209
mp-1539,1.7464084316636665
mp-11175,1.1892375801668316
mp-10161,1.1907517799201845
mp-23,1.9618575423623628
mp-2624,1.4589549570218652
mp-549158,1.5497509785395265
mp-16305,2.0097525024759677
mp-22875,0.8650447216930991
mp-980200,1.562958668654623
mp-570677,1.2786164336678323
mp-11275,2.2397298056336328
mp-996975,1.168173262170234
mp-2701,2.290619957480553
mp-3854,1.8821657980568145
mp-122,0.753353212641496
mp-27138,0.7515870050823102
mp-1400,1.9758911364017928
mp-2305,2.3831778133591333
mp-978268,0.6347794581459516
mp-597,1.5870483571032448
mp-49,2.388573621831085
mp-22390,1.8529006651035518
mp-3657,1.9865702106959702
mp-16363,2.025551622782544
mp-9565,1.4219328132785085
mp-21495,2.1587332936245907
mp-21907,1.9823797930906033
mp-20937,2.2253170369152255
mp-866165,1.6781358129330346
mp-682,1.4794745341026245
mp-676,1.3743083312998159
mp-11499,1.344883279369863
mp-13363,1.7764178560571464
mp-6931,1.5902174638847153
mp-11361,1.5839917991983163
mp-569989,2.0744653537368847
mp-9812,1.643265099730196
mp-7506,2.1185094232617234
mp-569151,1.5864635243576357
mp-2432,1.342659504139119
mp-3924,2.0024511764634707
mp-7421,1.3403251137482919
mp-30483,1.1645312963054313
mp-22607,1.2445492428978946
mp-9835,1.8042416874428127
mp-1594,1.6440642061431787
mp-1285,1.9429352119891417
mp-219,2.124063838301461
mp-8648,2.0545211306530833
mp-9716,1.806627609395991
mp-568671,2.082939678955149
mp-10884,2.0148941904385222
mp-11522,1.886067504919496
mp-820,1.1444808009027494
mp-569775,1.7722189898007332
mp-12659,1.8890045995170488
mp-15661,1.833363886178993
mp-2114,2.082178369730175
mp-8001,1.9859336780644712
mp-601820,1.9744610297685832
mp-2856,1.9375429660326478
mp-259,2.07920296022887
mp-22444,2.017734325894223
mp-1145,2.4107316933158
mp-2286,1.4311224224012327
mp-569849,1.322074505773784
mp-553961,1.7824869570809887
mp-571594,0.879038505237237
mp-550,1.7691704699246196
mp-976334,1.256958152560932
mp-1418,1.9995611409121128
mp-11019,1.7697686056711825
mp-7876,1.5174994019984165
mp-11834,1.5844103854174805
mp-2582,2.0483602200014417
mp-22919,1.0147304950017535
mp-7914,1.820700512741811
mp-20586,1.9732248659989295
mp-9988,2.000138952003074
mp-21449,2.073879577438335
mp-22284,1.430752104359859
mp-9954,1.8138544212713534
mp-3862,1.5768939463765024
mp-21069,1.7015593508849731
mp-101,2.319940518934078
mp-5348,1.7506240884493052
mp-644264,1.6438473102997142
mp-18257,1.9703794238474175
mp-1152,2.093207987729152
mp-12083,2.3311964213133316
mp-4593,2.1158766642684443
mp-4200,1.8929567674217136
mp-7906,1.3453345148398959
mp-1156,1.4602361293103068
mp-20202,1.6918768225593313
mp-27888,1.6879568024595504
mp-7937,1.6888023310188012
mp-10196,2.0702411058236034
mp-540925,0.7670816213633223
mp-351,1.9593705677511333
mp-7432,1.2322589623427016
mp-2199,1.9979670942312695
mp-12961,1.4413494473341093
mp-1522,2.1003360759336958
mp-12070,1.396757118219961
mp-10695,1.5256925245050108
mp-4678,1.990645150833408
mp-9262,0.8592584174673069
mp-541837,0.8801273222166249
mp-9172,1.6396557912690184
mp-7781,1.5631487110958586
mp-9472,1.240973351840004
mp-989512,1.0178677189635057
mp-1078,1.3644571851188294
mp-7070,1.877728311300352
mp-15803,1.2765996535576432
mp-21440,1.9702957250455326
mp-492,2.282343368141969
mp-9307,1.3774519630245743
mp-7936,1.7571454019810846
mp-20255,1.8885725968576
mp-1935,1.1297221086958777
mp-27726,0.4219328132785084
mp-12954,1.8014997518890505
mp-12177,1.5984512526557528
mp-1364,1.3589242153885115
mp-685194,1.7821715236368851
mp-1022,0.9904276584852635
mp-540,1.8156109499971478
mp-2028,2.014633927735939
mp-570112,2.158609728288263
mp-1589,1.8546217775342917
mp-505071,1.5833008155134833
mp-2697,1.6453141735605752
mp-30842,1.9077391079078267
mp-1002124,1.477642095655848
mp-779517,1.907346856804088
mp-1190,1.435971706399341
mp-567907,1.9444876072866952
mp-30817,1.7503077862431373
mp-12716,1.5602056229700592
mp-13495,1.563599728881531
mp-11550,1.4321191010248555
mp-21467,1.8879940504779973
mp-569875,1.9835496136257156
mp-11754,1.4284101919973347
mp-30338,1.5119100859708463
mp-11276,1.9970935519901143
mp-9583,1.315886415708487
mp-5129,1.9735065410846513
mp-11256,1.619875608500043
mp-2752,1.8092903011763157
mp-1646,0.7495817348655593
mp-22522,1.9296743179485878
mp-458,1.8740583336292453
mp-13202,1.7185349032362938
mp-33107,-0.5686362358410126
mp-999545,2.0610790968061194
mp-754344,1.6554457911454443
mp-569886,1.3129597358821057
mp-8883,1.6151922673739658
mp-775909,1.9658693329512484
mp-27164,2.0510405565491547
mp-1840,1.8970825075405957
mp-24728,1.944601099951267
mp-8276,1.6400240441088667
mp-1557,1.5371892262436446
mp-862871,0.919548758968848
mp-27848,1.2314695904306814
mp-19821,1.9050939683278714
mp-22151,1.3617467179758969
mp-571264,1.1872950546937378
mp-850251,1.3162849376343124
mp-862631,1.2474576958148116
mp-568695,1.4071528696706355
mp-1755,1.5752917859548197
mp-24093,1.543708051190357
mp-9999,2.25288699681782
mp-142,1.4772659954248526
mp-1851,1.267828542047342
mp-11750,2.0244035626829655
mp-541,1.9318340284856268
mp-1868,1.9163644483442253
mp-754567,1.4483352337401756
mp-1008929,1.9445468245511277
mp-570256,0.7466341989375788
mp-19809,1.9334670405477437
mp-952,2.1407750740317217
mp-8800,1.1295610023090827
mp-22925,0.8190830757437026
mp-12908,1.3190018994623163
mp-20971,1.7565524357499733
mp-20860,2.079550239557208
mp-559676,1.3777796362879813
mp-5193,1.5571341018275904
mp-2730,1.1183308740573026
mp-938,1.3045982263436373
mp-865152,1.6021902601331894
mp-865193,1.974355079004792
mp-488,1.2571744047625357
mp-32,1.6538875580709775
mp-13089,1.2965774451391185
mp-2807,1.7897851208702933
mp-17045,1.824392709529267
mp-2598,1.7827305442858554
mp-510623,1.8355764353180486
mp-22262,2.091132112107023
mp-2562,1.207795885204709
mp-1677,2.172938445832253
mp-32679,2.1247910513765405
mp-20698,1.477830023702876
mp-1439,1.9079377849039836
mp-21464,2.089537747766861
mp-16522,1.4941824325160584
mp-19814,1.7167960423664435
mp-7400,1.2318007920578993
mp-559976,1.3640629607030779
mp-4955,2.0044030650609925
mp-995122,1.1240475191100303
mp-862360,1.697159570973576
mp-16886,1.4225898398514822
mp-30242,1.8425343547958402
mp-9025,1.6442317333163197
mp-796,1.079145053332749
mp-196,1.923119620534643
mp-29752,1.7625885451797196
mp-2369,1.5980788625294182
mp-774922,1.1427960357135558
mp-7343,1.2338587625648278
mp-10706,2.196596177700392
mp-8159,1.1953460583484197
mp-2211,1.9835721660599865
mp-2578,1.3542045113703132
mp-944,2.160846535914285
mp-19906,1.7724977363741454
mp-2031,2.1004946115323198
mp-505206,1.1901915805753018
mp-27891,1.4124437465447621
mp-10281,1.5267785198458457
mp-3158,1.4617985575251093
mp-861738,1.4126788998126765
mp-20905,2.1434956947013926
mp-75,1.4125277444720115
mp-16523,1.6853744477923474
mp-18707,1.3789971408108515
mp-22967,1.2122675285489375
mp-362,1.7423951620737534
mp-23202,0.8725641430906516
mp-113,2.163757523981956
mp-9957,2.0181343822503566
mp-8983,1.6101915535686249
mp-21215,1.469674772551798
mp-11806,1.5713477399417028
mp-985805,1.522418148970326
mp-13,1.8297089253057104
mp-16764,1.2032505239432958
mp-25372,1.7758215373513337
mp-2500,1.836387419326411
mp-2451,1.644989724671122
mp-553432,1.26030994579492
mp-977059,1.6497825549211973
mp-1784,0.9940530635876753
mp-17856,1.8147202664596511
mp-87,2.126689751641637
mp-19895,1.5872618496925341
mp-21306,2.0028741835955213
mp-29481,0.6422666189026736
mp-774,1.8029446737224069
mp-2252,2.2918326494717607
mp-29403,0.6900187807886953
mp-3427,1.724013574873261
mp-1278,1.938009079033508
mp-571222,0.711638538232349
mp-11883,1.7572517461720984
mp-567412,1.6539357353944395
mp-30672,1.7417895665771408
mp-7907,1.388545220095957
mp-867281,2.250607830647303
mp-22637,2.0003733327443567
mp-844,1.5282737771670438
mp-1682,1.814567204098046
mp-571619,1.8411341295638561
mp-865051,1.1673764184135829
mp-865,1.9287542021766533
mp-18337,2.268949864454948
mp-1451,1.8892120324534643
mp-758052,0.6962689967455328
mp-10521,1.5802861730024882
mp-22152,1.525576006630465
mp-11693,1.2964019016921435
mp-14793,1.7602037731534155
mp-20787,2.153052275067109
mp-3441,1.9472670306193585
mp-12700,2.0075130761207034
mp-999133,1.853740787579542
mp-567982,1.6960329505003253
mp-37473,1.8506094809213491
mp-981,1.5105852207970676
mp-2172,1.5995883502092012
mp-3938,1.9415313083572459
mp-20930,1.5262617178786275
mp-754213,1.7672152527200282
mp-11283,2.0589533871204417
mp-20987,1.6312204761385465
mp-567713,0.930235652766285
mp-2516,1.4839152116664083
mp-568920,1.4045771677406238
mp-553875,1.8758769704930303
mp-23956,1.239324509787797
mp-6963,1.4296876960953957
mp-6908,1.8247764624755456
mp-10608,1.795734069877608
mp-1317,1.7611908664297455
mp-10616,1.3563892115442753
mp-672254,1.437750562820388
mp-139,0.8863214865594797
mp-3136,2.0003820110838397
mp-7930,1.885903749123806
mp-754363,1.775581324181115
mp-3618,1.8806992892187016
mp-1482,1.8435504383451866
mp-1989,2.120310642636462
mp-930,1.8342171798153963
mp-567510,1.2377949932739225
mp-644481,2.013624986206946
mp-136,2.2564218632525264
mp-3159,1.2885845449672853
mp-12951,1.7890092673328473
mp-11520,1.7429449715938286
mp-20724,1.3266839763818792
mp-505517,2.0346966230776995
mp-5137,1.830389758607145
mp-7188,2.1531408041099747
mp-11531,1.9322707758994904
mp-10139,1.8366721714829808
mp-7565,1.7235049275952525
mp-2536,1.9931098358806132
mp-8418,2.0619498232986366
mp-865191,2.0077221803221033
mp-11489,1.2032505239432958
mp-571651,1.7933712489189557
mp-15643,1.5001541102873064
mp-755483,2.015506451739575
mp-7377,1.3131498314684944
mp-265,2.3266778355860223
mp-1222,2.1942617393752375
mp-7786,0.8658735282078147
mp-10883,1.9832788930273135
mp-675120,1.3976098193779602
mp-23231,0.9314070135565734
mp-5149,1.9734834598351758
mp-1253,1.3307383581788763
mp-417,1.929791747962691
mp-258,0.9483640559883693
mp-11307,1.3283388226995272
mp-788,1.7017147397049948
mp-1352,2.1690451622897493
mp-3988,1.518171633602262
mp-8606,1.3417312076013392
mp-34202,1.0655423705191385
mp-570198,1.3806453191909247
mp-20197,2.080020071442449
mp-5549,1.4478244719819577
mp-22461,1.7825227872983942
mp-4124,1.3059958827708047
mp-12411,1.5840710221355452
mp-2780,1.5091756301993315
mp-91,2.1707075186787157
mp-760410,1.4008659607565725
mp-866115,1.9990086780443002
mp-569250,2.07029282425944
mp-9060,1.3584107862063366
mp-11984,1.5998285090380104
mp-28020,0.7872478803319539
mp-7437,1.4190465771041594
mp-30811,1.9902322663757512
mp-1555,1.9051155825458572
mp-16236,1.1196517220398703
mp-8640,1.6574956641393819
mp-13920,1.3018110230174766
mp-11023,1.6356646651603335
mp-568328,2.074966297563255
mp-19983,1.7419469453115926
mp-20793,1.113508840532819
mp-20249,2.0337814989266896
mp-10847,1.682830738168684
mp-13092,1.7112587441706255
mp-22568,1.7220660074468417
mp-554601,1.498365698794043
mp-4661,1.7991405900947184
mp-38818,2.345859711512193
mp-754624,2.045178189826522
mp-11282,2.2263162969393346
mp-1005,2.1257837025929818
mp-27731,1.5760878417849495
mp-10877,1.78344618641118
mp-16483,1.64481265033351
mp-22346,1.6055312944964073
mp-3448,1.6391576556827678
mp-24289,1.5860581783079222
mp-10437,1.3247761588164573
mp-2313,1.1480470935993354
mp-11571,0.29358351349611683
mp-20354,1.6980047988112106
mp-31138,1.7322891948606671
mp-999027,1.5207454715194824
mp-1020,2.187012807018954
mp-21075,2.248799357255673
mp-22905,1.3176664423565012
mp-9958,2.02519932713664
mp-13903,1.2811697734097356
mp-2955,1.620677283847404
mp-23313,1.125188384168597
mp-2932,1.9924784044580315
mp-582360,1.533835584236057
mp-15659,1.3073248536453665
mp-1121,1.675879115620618
mp-7524,1.8724942496595844
mp-996990,1.6477935950352383
mp-27471,1.863310961478504
mp-2488,1.8915820555861282
mp-22302,2.032078578473196
mp-8861,1.3226120501882872
mp-7582,1.131137273778607
mp-1550,1.675915754895261
mp-2744,1.5414419452545254
mp-13853,2.0578486061461203
mp-31458,1.448582659744249
mp-12571,2.069490495567012
mp-10886,1.6942628926579433
mp-1017,1.7723657208251384
mp-5693,1.5388124296330574
mp-126,1.6947806360120616
mp-28945,1.7503232209648414
mp-30684,1.8255689116087155
mp-1129,1.8997001522694799
mp-7576,2.0745677834067715
mp-1008632,1.9983770529009852
mp-676058,2.012567287950679
mp-94,1.1275259245876943
mp-3271,2.0136460297473247
mp-2949,1.6036639154777603
mp-567871,2.2284491242579225
mp-1841,2.010520440828827
mp-551918,1.801019329998165
mp-1174,1.4513411705977932
mp-9177,1.8159892697727047
mp-20563,1.544626064319563
mp-864921,1.9216344610537053
mp-607475,1.719314710542117
mp-12608,1.8277956029529436
mp-886,1.8485154852164505
mp-22646,1.5503506723016154
mp-1399,1.4183841640386121
mp-625055,1.4351752155442756
mp-4081,1.3439400576457106
mp-753708,1.7597584706034786
mp-568186,1.6821360472886662
mp-825,1.9836353066462824
mp-776083,1.1587242534505309
mp-7187,1.7931475443325127
mp-2653,2.5836974159837314
mp-11560,2.013490283397704
mp-5479,1.4517096982713469
mp-2606,1.599052973218668
mp-23736,1.4574882809044376
mp-3791,1.8783494222177755
mp-12674,1.5488314731741526
mp-833,1.5801263254115825
mp-568901,2.0355257927002532
mp-7375,1.4875060262180397
mp-1128,1.9472081831284955
mp-2501,2.1690892998515943
mp-7226,1.9834819492953124
mp-468,1.6975344625969604
mp-20662,1.4727710717808726
mp-864953,1.968679037270997
mp-16526,1.780511728833051
mp-7822,1.8591803431342993
mp-13137,2.101874182683973
mp-30686,1.8291042732544445
mp-21297,1.6604385596868052
mp-1123,1.1986295990920188
mp-8458,1.3748399596549754
mp-23056,1.4021409672924676
mp-2059,1.9325853680768852
mp-2056,1.672762651047436
mp-11441,1.8126125871077587
mp-8818,1.648652695131223
mp-769096,1.9509633008477452
mp-12317,1.1418572232383675
mp-12086,1.7449029144350217
mp-1157,1.9311933485422492
mp-2542,2.1951161094599057
mp-6926,1.6709042193586783
mp-10140,1.7363805645720258
mp-4820,1.9868030739743445
mp-20485,0.9097164532343446
mp-2287,1.9587931531134757
mp-1194,1.6948332533190624
mp-10739,2.0101217915034484
mp-11029,1.7854152615884749
mp-19817,1.8027600465102014
mp-30820,1.5933303805230623
mp-2201,1.4342015143775624
mp-7875,1.5918434112247846
mp-31147,1.494071067817223
mp-5918,1.977041913951013
mp-11288,1.0146465246840317
mp-11,1.307496037913213
mp-30147,1.848890813232842
mp-22003,1.026328938722349
mp-30175,1.6054451185441632
mp-2108,1.9737003751658466
mp-3469,1.7826374241333491
mp-862657,1.575106984704446
mp-510437,1.5545012740463549
mp-865665,2.097715316475808
mp-5538,1.153875813678978
mp-541487,1.1562764960030163
mp-753098,1.3950991373125707
mp-16290,1.7402600259378047
mp-1349,1.7088286565047681
mp-102,2.080106754084413
mp-865840,2.0442652999153195
mp-23715,1.2393745667820784
mp-20536,1.8676677946084643
mp-510346,1.1435456272384221
mp-4628,1.4294938867287417
mp-9973,2.365473008960903
mp-669546,1.7967754773575575
mp-553243,1.5386491256101704
mp-10446,1.1821292140529984
mp-12927,1.7927767799511933
mp-22191,2.1714426803923113
mp-4236,1.522952569067417
mp-20351,1.5004560372579714
mp-13208,1.5576635678875652
mp-364,1.9948008992946038
mp-8414,0.780821175853473
mp-755313,1.8501497900082526
mp-570673,1.89393921524266
mp-10044,2.0961066943101927
mp-27577,1.2704459080179626
mp-22895,1.1809855807867304
mp-31187,1.9319762735446058
mp-11549,1.8946981180450757
mp-23431,0.49692964807321494
mp-8062,2.272412548953707
mp-2513,1.925796662885386
mp-581733,1.6876270454006348
mp-17481,1.883314996837676
mp-3666,1.8580135631846164
mp-4656,1.927473020995276
mp-4893,1.907121017430941
mp-160,2.236517108144905
mp-862658,1.6396757048130588
mp-1783,1.1901635516307052
mp-776532,2.0257645001981417
mp-20344,1.852431193762441
mp-20817,1.822220400852558
mp-13948,0.9582771255476976
mp-27827,0.702775077901044
mp-12903,1.2985911112975697
mp-1001833,1.1519211797999052
mp-15985,1.8552586219891951
mp-4753,1.9484667601866843
mp-11073,1.7588059539947398
mp-20147,2.0457179679645163
mp-15695,1.675778341674085
mp-4182,1.4194931354393467
mp-3702,1.8530956208958542
mp-9295,1.298197867109815
mp-13203,1.7391924673369556
mp-7192,1.6142537307286557
mp-11263,1.7249145501131216
mp-5318,1.7523711662617745
mp-11387,1.8518818169990714
mp-9961,1.7762434084897256
mp-10895,1.9857811303090214
mp-2634,2.3211840273023143
mp-755071,1.6909841851064815
mp-30180,1.873617006917229
mp-16613,1.855797693192058
mp-3748,1.9123868126570243
mp-4385,1.4670010009054872
mp-22662,1.7892915562859948
mp-2767,1.9049102040302717
mp-864798,1.935053589231065
mp-14019,2.017625913848828
mp-1251,2.0073764639104636
mp-146,1.610084980850389
mp-4612,1.924641047417163
mp-2851,1.6754758794566023
mp-4083,1.4959188070799685
mp-30572,1.8011703770094398
mp-4673,1.9601091113147098
mp-1994,2.388028339183124
mp-255,0.8293681079888203
mp-921,1.7911149502094212
mp-2231,1.2662081698076912
mp-13119,1.2956550494325858
mp-3635,1.4952250901062205
mp-7707,1.9180618062593262
mp-643260,1.0563330349511615
mp-19991,1.395431240246918
mp-29733,1.5538344994096875
mp-30383,1.7641611822369048
mp-20066,0.39427652676782143
mp-7603,1.4904501203560196
mp-7285,1.8806364097090071
mp-9938,2.000633607522555
mp-811,1.7942509673156666
mp-22636,1.8642202674608295
mp-676586,1.241197709698056
mp-718,1.7364841491988274
mp-570744,1.5850770272673755
mp-1873,1.550069286512548
mp-775808,1.7044079273868409
mp-27606,1.8559308436676452
mp-1229,1.4222943008935625
mp-18167,1.1878871784095477
mp-4043,1.3475056494759026
mp-15297,1.8576942577865496
mp-11809,1.9164223623480927
mp-21090,1.7518331688876274
mp-1201,1.1436704334701606
mp-510347,1.2167990616476654
mp-643101,0.9253120914996495
mp-21469,1.8518085142282374
mp-15649,1.986561251922079
mp-4938,2.533779681977523
mp-11714,2.2757903118353555
mp-972220,1.9556637023342143
mp-16491,1.7848454334126458
mp-866291,0.6700602174731343
mp-7376,1.4022957806553162
mp-569628,1.345491356474646
mp-12480,1.8426716337607885
mp-997034,1.5381840008582675
mp-570691,1.5682956154265442
mp-22179,1.6935334953457277
mp-8982,1.5281064611407105
mp-2039,1.6012231687499057
mp-30722,1.343388897462354
mp-2173,1.522652853412771
mp-30876,1.5945472333278505
mp-12071,1.6504435224787128
mp-23193,0.9627007317043411
mp-8017,1.3905995468029917
mp-998981,1.8194715470956802
mp-616559,1.9361013691282094
mp-11281,2.1372876326377557
mp-28266,1.767178137023028
mp-30769,1.391975460609762
mp-866224,1.802794242656856
mp-8,2.2254126728659545
mp-1235,1.9142849651661664
mp-771,1.9032365366507218
mp-2251,1.5264297459834226
mp-20027,2.187732176402713
mp-20695,1.7093632564093155
mp-517,2.163572805294965
mp-1799,2.0929661375943645
mp-973374,1.132291715966803
mp-2857,2.1922160846335097
mp-910,2.2576329835527136
mp-31212,1.4267876904579955
mp-1159,1.5038042970908778
mp-570287,2.0572704191037676
mp-27831,0.7278664494674892
mp-558781,1.864997313513383
mp-556605,1.9763866654775226
mp-31451,1.7913397039651395
mp-2472,1.7464162186961458
mp-2469,1.2336559396857634
mp-570491,1.9868702228772561
mp-998,1.6777620302018421
mp-10125,1.7892915562859948
mp-29973,1.4111312709395645
mp-20714,1.755150427678159
mp-29646,1.8787687446257944
mp-30581,1.73569468938689
mp-3340,2.013010064809744
mp-12546,1.7137340829194312
mp-2187,1.657285375181782
mp-19,1.1746992883707756
mp-759877,1.2030328870147107
mp-11449,1.0836459276955848
mp-33,2.2875083701654986
mp-16960,1.924144840771305
mp-571126,2.0435941018784773
mp-9459,1.8009231818132183
mp-985806,1.7765341155186054
mp-763,2.058198187878254
mp-23259,1.2127467647840713
mp-10675,1.6113408755833212
mp-642659,1.7613338465157025
mp-29661,1.8469367914316832
mp-13097,1.3341118107311472
mp-20061,1.5160591737582825
mp-11290,1.3630664191881778
mp-29678,1.1550626192239208
mp-21503,1.6074442997617389
mp-8126,1.7793655756698226
mp-5186,1.5833461596164613
mp-13311,1.5308269862489765
mp-2361,1.3745100600495501
mp-865985,1.6261452503796188
mp-549,1.5255371603910584
mp-16723,1.5280163411892014
mp-23485,0.7315081835960254
mp-7544,2.0066499901125026
mp-731,1.2434101416537113
mp-10000,1.8902756707164874
mp-13276,1.5669086552268034
mp-5244,1.8465783198460326
mp-865525,1.2852646804811536
mp-11482,2.2771827317552646
mp-2176,1.3535508007641215
mp-2552,1.8911805093959106
mp-3397,1.4821586954112764
mp-27393,1.0909630765957317
mp-571059,1.3327413504185743
mp-11557,1.876639225154536
mp-1664,1.890638949759678
mp-4152,1.4518324713685717
mp-505540,1.8834513334147158
mp-866171,1.303800623765175
mp-10052,1.7951497890508172
mp-11870,1.5895139719944396
mp-9321,1.482215929792211
mp-1444,1.2003853242323868
mp-22050,1.669372674988205
mp-3654,1.4216532757116436
mp-27456,0.893206753059848
mp-13365,1.303239268651996
mp-7583,1.273834318000559
mp-7436,1.2522460504731183
mp-29736,1.7540423867854364
mp-29748,1.1127725211053703
mp-1565,2.015007481915326
mp-21027,1.4240154498219892
mp-510311,1.3141622717099846
mp-9595,1.7730766638615685
mp-11506,1.9602471510685553
mp-10015,2.0843832152586006
mp-24726,1.2517598545288007
mp-15316,1.443262987458695
mp-760375,0.7614767795447017
mp-569364,2.1775364999298623
mp-571420,1.6944647982269703
mp-30485,0.9904276584852635
mp-203,1.4992745818922173
mp-574,1.896156799881283
mp-7650,1.7476215238090402
mp-16501,0.8590181438888942
mp-20832,1.16283314387816
mp-7770,1.5185928953334096
mp-867306,1.2730244338184646
mp-31460,1.7720134830455079
mp-864794,1.469144282483513
mp-545974,1.5921656499780756
mp-22150,1.7309598319046111
mp-846,1.8365266548182242
mp-14099,1.401521161385542
mp-4824,1.4292030104137095
mp-30850,1.9575067221197138
mp-10264,1.1965077919396958
mp-567397,2.2281179241368454
mp-10755,1.7505161087167989
mp-22498,1.5283895735900477
mp-4989,1.7909111666015953
mp-7438,1.234643807761769
mp-8094,0.9983029400985411
mp-18316,1.4400743090176313
mp-38970,1.1744377964520458
mp-999540,1.1365620365899802
mp-30858,2.016423228309471
mp-13947,1.0486359884326486
mp-728,1.3418300569205104
mp-12863,1.1317148784650681
mp-8277,1.5408923160154697
mp-30656,1.8154249879277637
mp-10182,1.7087352461450995
mp-7787,1.768645499727728
mp-23260,0.7748817658187963
mp-1113,2.1984013826618063
mp-1265,2.074889548040668
mp-4876,0.8125122842899827
mp-11621,1.6028735310261826
mp-3896,1.8021166573001768
mp-1725,1.377087591426807
mp-2454,1.888825118125633
mp-27207,1.0282458165724737
mp-570197,1.1795230670352852
mp-2619,1.7826732419395652
mp-19970,1.544675631413166
mp-30885,1.6570080204343558
mp-20192,1.9324027293966957
mp-11233,1.8469615027067807
mp-14069,1.6774792002612977
mp-27148,1.8619762464369805
mp-1153,1.529879303882462
mp-12359,1.2736724619426054
mp-17413,1.8536556317985038
mp-12467,1.4117375218173571
mp-625136,0.9718322799249252
mp-865444,1.574262829707027
mp-892,1.5787537844264345
mp-27919,1.9891471299889671
mp-625487,1.4681552529679343
mp-979,1.6985789633074357
mp-12772,1.730782275666389
mp-20725,1.665665402907714
mp-29352,1.6462664557108608
mp-1523,1.9200606831458833
mp-3034,1.6879300747263568
mp-2250,1.8649084092253798
mp-570074,2.089608418764674
mp-5078,1.3503837141583892
mp-669692,1.9081900274010117
mp-22478,1.888819508136782
mp-20395,1.8836557580644613
mp-1749,0.8187535904977168
mp-4822,1.7221236558815056
mp-5166,1.4287501485563006
mp-753890,1.8755069103334814
mp-754375,1.9092082404977457
mp-752947,1.5658006101858466
mp-21873,1.7572593411894015
mp-556125,1.2558270827032345
mp-1239,1.7803893284709529
mp-4878,1.8385090750322592
mp-21316,2.097097587711019
mp-1696,1.6539646392234013
mp-30536,1.7165875776756923
mp-571262,1.6991263222139739
mp-1264,1.333608467588293
mp-9027,1.4882686154954599
mp-569624,1.8169832762228597
mp-20318,2.226952867636849
mp-31457,1.659069594050213
mp-570832,1.8531869763058344
mp-333,1.921816484310169
mp-2794,1.9438801643289487
mp-7339,1.4909131583108988
mp-8282,2.0814157236020026
mp-7631,2.2746103885046876
mp-5529,1.36960543408435
mp-3834,1.9610364663860707
mp-9391,1.02271698005103
mp-9556,1.6033717491008619
mp-570963,1.931162816385796
mp-12520,1.5031503416035286
mp-7771,1.4590606082543216
mp-865604,0.9911817576678732
mp-5910,1.53046864688893
mp-1339,2.31348335370547
mp-95,0.8578750255235625
mp-616378,0.843730965112092
mp-103,1.7528471222933266
mp-2705,2.0341228891123677
mp-23714,1.3898214629105228
mp-12725,1.8910856456752243
mp-27691,0.7745169657285496
mp-754333,2.1956201756081866
mp-20849,1.6258061544804383
mp-11470,1.3997602257103656
mp-22309,1.8057997999618207
mp-22447,1.8052765166896094
mp-22227,1.9111203057714419
mp-30883,1.5823020455866155
mp-676512,1.3760657215861718
mp-463,1.2278610059550132
mp-7917,1.866966316422899
mp-4551,1.9982811398083022
mp-30846,1.4783788860318934
mp-20049,1.711292517095339
mp-568827,2.1902980740700975
mp-550908,1.998442436048799
mp-29111,2.0232277597190964
mp-22898,0.7508939203821253
mp-22865,0.871864702088195
mp-974625,2.26629991744179
mp-548,1.7563926525702676
mp-20892,2.0783988115777285
mp-2121,1.8263663951126259
mp-1683,1.0668475109738993
mp-3432,1.8253027580200019
mp-30490,1.2939368138872938
mp-22426,1.8555433834149768
mp-9969,1.8455816987342497
mp-1627,1.7967616083378877
mp-22287,1.973709603202647
mp-16514,1.8759000887865243
mp-9945,1.6513264816598094
mp-13109,1.940107896603848
mp-20426,1.4466458824128967
mp-3534,1.1889846994727826
mp-485,1.8373800784082603
mp-1432,1.9658646349045712
mp-1472,2.3579043691252948
mp-2700,1.6215190105698074
mp-9550,1.8958533115929586
mp-989399,1.2442276257329075
mp-549706,1.6851234364220964
mp-1973,1.9378287075340475
mp-31452,1.5749105471751925
mp-2399,1.4973305629650517
mp-2534,1.609754439128856
mp-9989,2.064603977487114
mp-1139,2.1423331418565623
mp-753657,1.976680045759334
mp-30821,1.7419233421368168
mp-3522,1.5624713049774688
mp-29209,1.3233758719338615
mp-865523,1.8763795158865837
mp-568803,2.3293653314823697
mp-313,1.6158554008989916
mp-2406,1.640302514519921
mp-3315,1.738296859233242
mp-22913,1.0570952896126673
mp-3155,2.0857685030081083
mp-697096,1.1094097905463653
mp-9571,1.5470482234721348
mp-9486,1.132579847659737
mp-29069,1.3485579654364572
mp-8994,0.9566485792052033
mp-15986,1.8305950836227283
mp-16356,1.9207701102463035
mp-23406,0.6789733759197651
mp-2403,1.8507687269288802
mp-8039,1.8837182019639596
mp-1082,2.3400612116867334
mp-29362,0.7329563695756246
mp-19943,1.5487946524349452
mp-381,1.9691921837587167
mp-448,1.6807976686485666
mp-13270,1.178746796528958
mp-11541,1.993352449877331
mp-16337,1.1963420201397685
mp-6938,1.8711933457637717
mp-1135,1.9165434303150581
mp-2698,1.3150672495142164
mp-542569,2.0318970231357136
mp-2553,2.0341389479232665
mp-20883,1.6893266213158848
mp-20541,2.0167868907857898
mp-568598,0.9546765869186435
mp-1252,1.9502674680135885
mp-568565,1.834236264230046
mp-10183,1.470601573789659
mp-6668,1.7697686056711825
mp-3732,2.129596450842302
mp-14115,1.641602991567553
mp-20857,2.1742313972285436
mp-8628,1.3881189710303052
mp-19870,1.7466575474756292
mp-581786,1.5556264055849691
mp-7426,1.4618585388085281
mp-21248,2.0857542442096992
mp-1986,1.6075193583724638
mp-9743,1.446475031801787
mp-945,1.9702538695947869
mp-16775,1.4912916406875922
mp-2103,1.3797223853861937
mp-5621,1.4024161529066193
mp-9061,1.2952811411168477
mp-31172,1.1016783510279693
mp-12109,1.8753044002296035
mp-22036,1.5547555909148791
mp-11364,1.6923445033120312
mp-850,1.7859843430849631
mp-7704,1.6238486166713757
mp-1073,1.2467693149464707
mp-504,1.435111433126493
mp-766,2.0248139326293106
mp-29208,1.3465094487747609
mp-14112,1.3136774386013241
mp-10797,1.6148023355157801
mp-2152,1.8599664510159235
mp-2758,1.432921211333212
mp-22434,2.10152368468927
mp-4992,2.135959092124557
mp-672340,1.623228609215873
mp-3955,1.5638369186645449
mp-11445,1.7785491713061496
mp-9570,1.539176502095016
mp-1387,-0.17069622716897506
mp-570751,1.9342913545042817
mp-1521,1.7205809846906122
mp-7482,1.1723693767638421
mp-4359,1.7480871969403873
mp-1039,1.1101518285182717
mp-7002,1.804146250091599
mp-754741,1.6906832800491083
mp-30488,1.0285712526925377
mp-1476,1.7273948409519086
mp-4559,1.3310627006001525
mp-22752,1.7844817773189412
mp-31081,1.9885322028010541
mp-9960,1.8058745032716623
mp-1515,1.9855252682082105
mp-11490,1.443012511216785
mp-45,0.8747716371842983
mp-266,1.6987875623381175
mp-9382,2.004527722130793
mp-3677,2.0217431881927204
mp-8642,2.2908445386981837
mp-20840,1.9129443936710877
mp-14285,2.0897461941423012
mp-1008610,1.472010050084573
mp-24237,1.8136210138649258
mp-1334,1.5021948878982374
mp-1458,2.010749286763754
mp-4079,1.925337880192505
mp-569662,1.0368284333771132
mp-14070,1.6356244675962632
mp-8830,1.7749255212449482
mp-10092,1.1619367052457805
mp-8285,1.624230513855454
mp-30563,1.8287758647401695
mp-30683,1.799106105036147
mp-1315,1.7140194385588226
mp-1883,1.4451058018625316
mp-715,2.1017333302326384
mp-569511,1.5749105471751925
mp-11300,1.4444663880201931
mp-542429,1.424146305755156
mp-9985,2.142942932631187
mp-976256,0.6350814360108731
mp-20557,1.797108201028427
mp-754364,1.7602113167206652
mp-20305,1.4095950193968156
mp-5456,1.7314034051704938
mp-567220,1.8399617240313872
mp-674478,1.1779114760940093
mp-11248,1.0385009430766743
mp-755115,1.4826163594008375
mp-32994,1.989222821688426
mp-9289,1.7270855781479113
mp-30353,1.7983329212049493
mp-1689,1.899782212812626
mp-7435,1.3366798273457159
mp-856,1.9414368905713595
mp-20900,1.4029831731411806
mp-754134,1.993868105633167
mp-30599,1.539790966345741
mp-1335,1.8335168381889924
mp-23209,1.166370901288565
mp-5259,1.4553322153486457
mp-11514,2.041897752209658
mp-384,1.569350496882519
mp-866152,2.021185162912319
mp-10748,1.3868198859919674
mp-1012551,1.096284178244864
mp-16718,1.839867543543541
mp-3821,1.0224283711854865
mp-567395,1.1235903326066734
mp-569639,0.8400433306034939
mp-30227,0.6890423390281718
mp-568914,0.7016543173257481
mp-10271,2.0564970326410466
mp-570896,1.1024337056813363
mp-1780,1.7639518260333242
mp-11287,1.2443018662211769
mp-1949,1.7354711472389845
mp-760381,1.2209444763234127
mp-570377,1.3255977528600191
mp-230,1.7680309965694685
mp-1185,2.192901826109565
mp-10456,2.0037361871374237
mp-15669,1.5423896695409371
mp-9916,2.064813515869758
mp-11957,1.5904070999550848
mp-10891,1.6373796409223318
mp-17639,1.7119168429403049
mp-486,1.8269942737011966
mp-567981,1.893922582086407
mp-1652,1.7673414223686619
mp-4230,1.9130133777353162
mp-764648,1.9713639978595565
mp-2646,1.2490270525471865
mp-570684,1.9607846119320844
mp-24084,1.0218505774343252
mp-7823,1.650258941613691
mp-1281,2.1023410737572696
mp-9987,2.1158633605118564
mp-998866,2.6725236273662265
mp-22489,1.9407355690811647
mp-2123,1.7712051923191607
mp-27505,1.7285647897530247
mp-867351,2.176007287338319
mp-8042,1.9390597556884905
mp-2910,1.2857822737793947
mp-973364,1.3832227420787353
mp-13079,2.011143127865482
mp-22904,1.1024680087880168
mp-46,1.68356031956317
mp-567889,1.9050831608154741
mp-13164,1.8078190530589666
mp-569834,1.6442021743929185
mp-867319,1.9707698051135225
mp-8938,2.1742430279616514
mp-30461,1.3700502370748682
mp-23752,0.9645424660791367
mp-30410,1.5067214492434868
mp-567666,1.0096633166793794
mp-2795,2.2020821681227307
mp-1483,1.9235548580675494
mp-973455,1.369178736637275
mp-3582,2.019307421073729
mp-690785,1.1999744625304907
mp-22787,2.0885223503363783
mp-5971,1.7183604994529835
mp-21894,1.6680316265024222
mp-27834,0.7926017811649665
mp-28645,1.741915474126818
mp-615,1.3174992211071317
mp-13450,1.7774558227219923
mp-1219,1.3939435393155746
mp-570578,1.6827135306348917
mp-865939,1.2819646232598996
mp-866161,2.110070940505142
mp-568912,2.1584137599454176
mp-11280,1.5989326957829273
mp-6812,1.4272101243307886
mp-869,2.014419723696094
mp-19962,1.45020290432103
mp-9158,1.6130062432870598
mp-10749,1.5175917307119078
mp-9029,1.7031709629564489
mp-568718,1.9208899724076536
mp-19835,1.9957053779334983
mp-862586,2.239359550289592
mp-569073,1.2984382253107598
mp-15963,1.979912410334717
mp-8842,1.515555950945086
mp-580886,1.0886321418463187
mp-22619,1.9924695667363344
mp-1552,2.1813547316193604
mp-864972,1.4198071051714987
mp-25417,1.8913032434597212
mp-643009,1.4292191753210088
mp-2263,2.007457582592959
mp-10180,1.4342174943051478
mp-7443,1.666152795061145
mp-1111,2.006478878349642
mp-22914,1.0044933375472742
mp-30423,1.4303169798819737
mp-22888,1.014394516273535
mp-30726,1.3309411005764256
mp-241,1.4407831813593344
mp-10919,1.2311891454826676
mp-30725,1.4464128876388558
mp-507,1.7710359957507646
mp-21422,1.7651020382421603
mp-12537,2.0437747600909857
mp-697030,1.7263930077927634
mp-590,1.641404697163312
mp-1108,2.2997861338743064
mp-9225,1.7876942079873628
mp-646824,1.2396997966866603
mp-31160,1.5711029586337757
mp-30852,1.9364534196116663
mp-552454,2.0833879394805375
mp-601848,1.9933833183020537
mp-4252,1.077585906367243
mp-555370,1.8436002463282564
mp-10711,2.1718141810511464
mp-30884,1.6159605671339843
mp-12557,1.5980131134656212
mp-30882,1.8147668399512327
mp-11465,1.2913022357598494
mp-22414,1.4530735981516323
mp-1437,1.0763126879768579
mp-30851,1.8668955161974594
mp-432,1.705256301332535
mp-9569,1.65861231155614
mp-10527,1.7256993312298565
mp-7940,1.5743438472395634
mp-2515,1.978194216862713
mp-1009083,1.434233473644771
mp-3792,2.048453457092135
mp-2301,1.880264663012131
mp-2663,1.9123070997562448
mp-2998,2.0268314076672223
mp-11397,1.8125457211365867
mp-2260,1.9665312492739315
mp-12990,2.0642183123544426
mp-18093,1.909368792988263
mp-22894,0.8190171986890593
mp-30177,1.894116595949431
mp-5827,2.0144323268587336
mp-7189,1.8320552212788093
mp-16524,1.616675022956646
mp-1404,1.188675422969832
mp-862669,2.1056872726843747
mp-2691,1.1685858655364103
mp-11471,1.4225241819056464
mp-7032,2.0782936550893343
mp-22769,1.8836330489656992
mp-16740,1.7623183775306317
mp-6915,1.8696423446515946
mp-8278,1.580970568503534
mp-1395,1.9277500763288156
mp-871,2.152447352686545
mp-569426,1.1657486815594142
mp-2033,1.8683387379590644
mp-4771,1.7657877272868672
mp-22870,0.8476960207341654
mp-10669,1.3233758719338615
mp-7422,1.7255686328180353
mp-3953,1.5209025589875214
mp-1220,2.0598624366822955
mp-4471,2.0663594747128275
mp-2430,1.854979738402434
mp-866169,0.7659664247857139
mp-4563,1.9220555989110237
mp-569446,1.607658718528297
mp-1963,1.8818295663773585
mp-10435,1.6189889203649337
mp-2741,1.5781347229478364
mp-8786,1.8346368433347593
mp-2557,1.7338069364288413
mp-9198,1.9580188816540502
mp-22992,1.1080912355812202
mp-6914,1.4355895730866062
mp-7430,1.3054803486532056
mp-1279,2.2584624763401737
mp-16521,2.0684975510375763
mp-16043,1.7251763014191372
mp-20144,2.062337507279505
mp-11328,2.1221044223693086
mp-4909,1.7671038961117216
mp-2168,1.2966871237724018
mp-865441,1.457972680516207
mp-13447,1.6089002640888495
mp-755264,2.21990659145376
mp-5590,1.6881438505488262
mp-570097,1.5270754027417088
mp-2775,1.2889865867916288
mp-867137,1.9400630281237548
mp-8630,1.9367348546681105
mp-662,1.3848191839519595
mp-5928,1.3524526617530157
mp-761842,1.8902197546518407
mp-31326,2.5408760663856294
mp-29145,0.5578679615680222
mp-754246,1.2434597299709498
mp-8446,1.0405232264455961
mp-570784,2.1948222626486538
mp-20826,0.9732202468522337
mp-1099,1.7179865410543236
mp-20618,1.791353747213654
mp-315,1.3853917542153864
mp-331,1.6350411844253303
mp-31059,1.295457138072563
mp-2212,1.7639518260333242
mp-10598,1.6116277314682872
mp-12108,2.058744794996822
mp-165,1.787616310807244
mp-5986,1.6969938180432025
mp-30847,1.7531462469582415
mp-4964,1.6746131640144346
mp-24154,1.8461514765288154
mp-2533,1.974649834438722
mp-11313,1.4419463726030513
mp-443,1.1791494803611486
mp-505554,2.046178985899717
mp-757100,1.2856023112856134
mp-4744,1.5919767803982874
mp-30595,1.8014311527194529
mp-1894,2.420205024718703
mp-8372,1.5410922616844247
mp-10311,1.8577063113101457
mp-546279,1.127428777851599
mp-3094,1.6621437207112704
mp-7574,2.1290450598879582
mp-3098,1.904607363815448
mp-13071,1.740733655388644
mp-31496,1.3301498694326521
mp-5221,1.9536920544004115
mp-4441,1.6241273315119173
mp-3161,1.7431097788117584
mp-22598,1.7588664933894227
mp-21236,1.4925508717041747
mp-1215,2.041929299406265
mp-22916,1.0523475992246638
mp-13090,1.650977393705932
mp-11583,1.8375568749896016
mp-50,1.8117760216029037
mp-8462,1.834261708811771
mp-755309,0.8597985474805656
mp-3970,1.0792536224300777
mp-567652,0.9856958596898421
mp-2589,1.934912348690268
mp-1294,1.6932255505821316
mp-481,1.9532521547868502
mp-2783,2.0343396329734182
mp-9244,2.124709585825262
mp-510412,2.019892754469684
mp-21318,1.2986566173911456
mp-10026,1.5206407149654189
mp-1275,2.1115347027498355
mp-23807,2.1278657671374064
mp-1282,2.3196098402158487
mp-752496,1.8221157515793038
mp-30737,1.559080321020141
mp-556194,2.0880084405444053
mp-16548,1.4817435204204452
mp-19940,1.9363428059222174
mp-1823,1.782063937122127
mp-8279,1.5132708844655156
mp-22260,1.8543242635649024
mp-14091,1.2785935682411336
mp-2170,1.4845276062233337
mp-104,1.3069180203772988
mp-21851,1.8887634042622317
mp-567750,1.7202089342250388
mp-768305,1.8605057017146127
mp-29638,1.5165882528051433
mp-22167,1.717320930008821
mp-8995,0.9752939153562064
mp-780260,1.2141813086638207
mp-4248,1.9769365910303656
mp-30156,1.9005528249554966
mp-452,1.919475577659061
mp-14587,1.5723371144489457
mp-30787,2.121700975166867
mp-643370,1.4893396258579854
mp-2348,1.6646607757761194
mp-23513,0.8211858826088455
mp-29153,1.9164381557361667
mp-7939,1.591142550323421
mp-8697,1.852583675166834
mp-12564,0.9179778825929082
mp-5019,2.0681710138177545
mp-328,1.302893458356505
mp-12107,2.0292173338901276
mp-2157,2.1657664716428546
mp-437,1.398547595734928
mp-7473,1.7466575474756292
mp-27255,1.2644872557806888
mp-758104,1.7483818652070988
mp-22493,1.326499714725037
mp-30648,1.4264787287242437
mp-977580,1.6356043674189102
mp-13032,1.300530269612207
mp-4255,1.4576245729130575
mp-6997,1.3347552398696705
mp-11299,1.1231980750319988
mp-568293,1.6014406803272885
mp-21340,1.8981490303871453
mp-557373,1.1182647260894794
mp-28980,0.8495422520050167
mp-11025,1.6285728275965032
mp-5020,1.6109900164442723
mp-643063,1.178746796528958
mp-29898,0.8786366730265168
mp-998552,2.0099987300480606
mp-1871,2.010452611461323
mp-30836,1.9389548023335108
mp-5699,1.276507758829856
mp-569788,1.553810233759065
mp-10240,1.9657800613726888
mp-22120,1.9014692194897855
mp-4192,1.657552998005808
mp-567842,2.1668266298490444
mp-1380,1.7443321069893667
mp-9577,1.551096074586321
mp-1471,1.7469765184208128
mp-864955,1.9710066512222415
mp-9956,2.1487445176150466
mp-1804,2.2557017618823
mp-20648,2.0779489985060278
mp-21012,1.8833434038209285
mp-24719,1.821303863573278
mp-16304,1.6952539624363492
mp-20133,2.2060942426855816
mp-11220,1.662247708245663
mp-2444,1.769687425683675
mp-570553,2.058388059993333
mp-917,1.3826293083969174
mp-11565,1.8815101902502065
mp-31383,1.7770859233438177
mp-1371,1.3680822440064455
mp-644278,1.8243536648037257
mp-10924,1.9896989315648912
mp-23711,1.519329121549154
mp-11695,0.8594385354550563
mp-1590,1.8490998717577085
mp-1708,1.3408603620648796
mp-1002206,2.344977488970689
mp-15987,1.9083724094148171
mp-20868,2.1314518427043736
mp-9801,1.9655638541586178
mp-933,1.7074764946358285
mp-865130,1.8802818275581241
mp-135,0.5734518220354853
mp-4653,2.017588380296173
mp-4259,1.7893479920649549
mp-1132,1.6478424531034315
mp-11193,1.7129525921301803
mp-380,1.4380991265033896
mp-580234,1.914327287359995
mp-291,2.1154207783926084
mp-950995,1.124993020025895
mp-29889,0.7957410208692439
mp-8236,1.5087316694431439
mp-21418,1.1795805133954091
mp-14628,1.5139363884142836
mp-28782,1.0385406863374573
mp-17524,1.0298705640039525
mp-13172,1.6603246438894605
mp-8780,2.151581275975446
mp-30435,0.8966364305295842
mp-23067,0.8073997127594853
mp-9574,1.3788337937400694
mp-406,1.1143774297861555
mp-1008274,2.164546163039944
mp-23262,1.477642095655848
mp-1081,1.8488969634496093
mp-30208,1.842309622846762
mp-13240,1.7830097850039723
mp-12972,1.7785925588131195
mp-862868,0.865222456290179
mp-4720,1.8945209747412686
mp-542915,1.936488608969126
mp-11385,2.350966723556211
mp-10037,2.0597034903043214
mp-7433,1.3058026291849045
mp-408,1.6312610833832608
mp-31453,1.6241273315119173
mp-10849,1.556121507023512
mp-28711,1.0246908623554307
mp-13583,1.8385027759339583
mp-2894,1.639536290826109
mp-7088,2.1633790642090633
mp-10293,1.2813515816727377
mp-999198,2.2842524673194293
mp-341,1.371418852110112
mp-2,1.685464059562619
mp-7434,1.1819007281964047
mp-1620,2.2767810885406514
mp-3323,1.9444925423671415
mp-12696,1.3298451655108683
mp-23703,1.628777066916437
mp-4978,2.075002840188346
mp-8939,2.1700063456003607
mp-675,1.9395541944471077
mp-754515,1.3492580955127895
mp-11237,1.467593308245282
mp-11388,1.6300921078405923
mp-773864,1.6733066544822022
mp-2715,1.9566389814310419
mp-605663,1.7174125120406756
mp-11456,2.0251952289943507
mp-35143,1.029464946638236
mp-568014,1.8253157449068154
mp-568284,0.8400433306034939
mp-10700,1.7466108491441967
mp-21164,1.2991366937440143
mp-10003,2.003206257543396
mp-67,1.5086643630529426
mp-27828,0.6126779183165018
mp-10635,1.391922621374344
mp-3595,1.6261349786353887
mp-3701,1.9321895538154865
mp-753059,1.4419149759298473
mp-4541,1.494850021680094
mp-501,1.2089516750078249
mp-2733,2.0203820023100243
mp-19917,1.480337571147284
mp-15322,1.8859884581064819
mp-1028,1.5127110719631198
mp-11977,1.1615776110488705
mp-189,1.9971110400650913
mp-4342,1.7828093226688775
mp-11191,2.1941534361650987
mp-193,1.6634464918495273
mp-5967,1.8713977814874838
mp-30441,2.1764298767078425
mp-10969,1.4279402902641418
mp-22909,0.7476448193282482
mp-10890,1.6074657464028248
mp-20935,1.8064445415815416
mp-3759,1.9121795286747725
mp-559598,1.4921315335815695
mp-253,1.8516007558296006
mp-865989,2.1044256501973218
mp-54,1.9488138184259631
mp-12593,2.0468423050641325
mp-18198,1.7350556920202278
mp-2410,1.3237057576177085
mp-553946,1.9976135212988657
mp-1585,2.039362556039774
mp-953,1.871555423318537
mp-30603,1.7851446864266343
mp-10133,1.8174397563400049
mp-9566,1.4165573011914792
mp-2404,1.5480452861958127
mp-12565,1.487279816443069
mp-13572,1.8588558840430764
mp-5748,1.5744364202024044
mp-639874,1.737359646929792
mp-1373,1.302979936748249
mp-292,2.0472086470336897
mp-11334,2.1283831116285024
mp-784630,1.9852737480346077
mp-769365,1.4569578494576043
mp-755378,1.654927001082143
mp-7000,1.6687306059587226
mp-755,1.8044324992504497
mp-1027,2.0464132142482487
mp-571555,0.8243211248507712
mp-7904,1.449617227806961
mp-16528,1.8595285664435768
mp-374,2.269445226358187
mp-8182,1.8560155545386436
mp-30365,1.6292260556125306
mp-15964,1.696225294156122
mp-16297,1.9100157528965214
mp-1249,1.7102104787023522
mp-10848,1.5773883840772644
mp-22344,1.5600262489128924
mp-11227,1.7651318733317816
mp-755318,1.7176122603733908
mp-567197,1.6263814334695275
mp-22204,1.8758596309652735
mp-82,1.0473917022004435
mp-30764,1.809896246602439
mp-865531,1.919601023784111
mp-18695,1.9258842404331145
mp-1700,2.0817576410182856
mp-20940,1.7979942199469117
mp-11873,1.6865915864615026
mp-5929,1.2258776286395183
mp-5869,1.7866875506134359
mp-2449,2.1710210664996947
mp-2895,1.8727912190890172
mp-2097,1.3272567354255331
mp-784631,2.048294164949289
mp-12778,2.0872879436597636
mp-11879,1.5013879412056164
mp-685097,2.0387989289186397
mp-11718,1.1273640012862012
mp-3771,1.871987185608725
mp-546011,1.5246946375163921
mp-4883,1.754890864803313
mp-10694,1.6097331052151167
mp-977207,0.5227049927347499
mp-555280,1.5258607729318538
mp-5475,1.9488382486968214
mp-1487,1.8491244602634138
mp-13313,1.3942414874776412
mp-7575,1.9228759043329162
mp-865733,2.1885629041579056
mp-2258,1.6519754270014604
mp-13095,1.59011703478479
mp-540284,1.4744493797457832
mp-7092,1.9981764831796625
mp-2652,1.7937834024082937
mp-9383,2.030704943668678
mp-13314,1.2716557723522757
mp-31337,1.5736489203261022
mp-2781,1.5172486965011187
mp-31185,2.1186515488511732
mp-12802,1.666929616387769
mp-12779,1.1302050695810688
mp-28230,0.7775718046914101
mp-21447,1.995845710589022
mp-10059,2.146462933691646
mp-2379,1.746494081342589
mp-9939,1.9603708735567311
mp-31438,1.6141059109580307
mp-568673,1.9031225578566942
mp-19765,1.0991624929285948
mp-568792,1.9549705484968365
mp-27839,0.7573960287930241
mp-27757,2.158642883414858
mp-9687,0.9647309210536293
mp-8402,1.6226284261293251
mp-131,1.5198935922173362
mp-978534,1.7451294655032557
mp-865212,2.333370686814518
mp-864952,1.5207323783320077
mp-20566,-0.21395878975744578
mp-1057,1.9412380491637065
mp-11329,2.0656058537644553
mp-8601,1.1206726232826076
mp-36111,1.635463640123462
mp-13993,1.6148761332650097
mp-635,1.9253636673541015
mp-1606,1.8009987286075504
mp-129,2.068363997303172
mp-3210,1.909652290747982
mp-22716,1.5109871220675626
mp-8605,1.2021612470193532
mp-569196,1.6886600414360713
mp-570632,1.4584263149872103
mp-1299,1.815916286351468
mp-18300,1.3641380786626014
mp-7891,1.3833664827550394
mp-20337,1.5337974698403236
mp-27660,1.276921132065774
mp-274,1.7392795518617141
mp-614603,0.60422605308447
mp-22315,1.859846526543437
mp-839,1.877975711900839
mp-2221,1.5943704483126773
mp-171,2.0066328819697046
mp-5292,1.7586621391013328
mp-1808,2.5327505582031224
mp-12087,1.3258234190027445
mp-7909,1.1997551772534747
mp-11228,1.4592567495234319
mp-7038,1.0848978584613556
mp-690760,1.4667638515971662
mp-20401,1.9455178220778395
mp-10904,1.8726282021892777
mp-8280,1.521308105487026
mp-28339,1.59223229022401
mp-5532,1.879428500836439
mp-4901,1.011993114659257
mp-11202,1.5583244940262377
mp-20012,1.299812265495717
mp-675748,1.3988250669622897
mp-25886,1.6469327921405263
mp-680677,1.7668142352324838
mp-23214,1.043401578910881
mp-84,1.400036923514113
mp-13156,1.6610835187424084
mp-865026,2.119786882251815
mp-20001,1.456031831895234
mp-9964,1.612455363519114
mp-1648,1.8884153983775072
mp-13946,1.0325381792600066
mp-554405,1.5151184681045444
mp-7829,2.0013442304116014
mp-9902,1.8922170787344383
mp-5659,2.125025586819949
mp-30746,1.6687306059587226
mp-554278,1.7822790835061482
mp-864889,1.615097451301758
mp-27678,1.077149794716969
mp-2827,1.7010236967652257
mp-8439,1.3577633811239473
mp-10173,0.900694774452398
mp-643279,0.9689030303038282
mp-550306,1.5186455243303114
mp-10470,2.0554547849412397
mp-22275,1.613154437759265
mp-30719,1.1925953275692116
mp-4499,1.595021986784182
mp-13962,1.7316934989070156
mp-4573,1.2303978249040808
mp-37091,1.1658672683529434
mp-2831,1.890342760492404
mp-9173,1.7282482396975345
mp-13154,1.9572432273376374
mp-552588,1.884976518123109
mp-4897,1.5377057860805272
mp-975065,2.261605409864707
mp-2658,1.9863865188832153
mp-1431,2.155138586003646
mp-867144,1.2489536154957075
mp-571160,1.2934288541516021
mp-124,1.1209028176145273
mp-249,1.8459100315607757
mp-5878,1.522261608845393
mp-11517,2.1328198114646653
mp-19968,1.5057196160843416
mp-14142,1.6600967226149441
mp-12723,1.2709116394104811
mp-8487,1.5512913783280664
mp-416,2.0675023310967124
mp-568746,1.2990930723617053
mp-5213,1.4665117384861455
mp-2583,1.713045099886907
mp-865586,2.049690835977447
mp-288,1.5308781534584732
mp-214,1.8920611941376808
mp-7832,2.2936011853433618
mp-2574,1.7056328251133608
mp-22033,1.6379797853996538
mp-7352,1.6856073999461727
mp-11537,2.0673684709152687
mp-2667,0.7879561232839318
mp-10245,1.9248269788412342
mp-20865,1.6552729299735305
mp-2027,1.7814609596120012
mp-8335,1.751886998625783
mp-21017,1.767044494243667
mp-976017,1.1691157802357148
mp-10181,1.816936939827786
mp-11738,1.1129734593331544
mp-542854,1.5859680500071183
mp-567276,1.4198566585972712
mp-23195,1.3993621635116658
mp-188,1.9391596876896455
mp-15641,1.577595190977317
mp-30739,1.4439823030074133
mp-15642,1.5213734807610282
mp-27243,0.7495817348655593
mp-8624,1.2016701796465816
mp-1543,1.715359777124479
mp-23268,0.919601023784111
mp-10894,1.9763683226277784
mp-568346,1.2751961417856237
mp-1401,1.7785564028583292
mp-8401,1.556796832486183
mp-29674,2.0152759066818753
mp-1361,1.740228432268106
mp-173,1.8410088896397239
mp-864940,1.766784515497859
mp-567164,2.0298381285521354
mp-30570,2.0224572407043007
mp-2930,1.8145738601051866
mp-30555,1.9568021147521304
mp-1172,1.7777022473941588
mp-5933,1.8685621555972016
mp-13983,1.3335278785210916
mp-754157,1.9490678260934704
mp-20452,1.302720449896134
mp-8880,1.6725411663939813
mp-22320,1.9526181092696617
mp-20599,1.230806428468883
mp-568419,1.4915577825513346
mp-8281,1.4282158115613255
mp-997031,1.8036892236185504
mp-1932,1.926944073016233
mp-22304,1.1574869893848487
mp-5014,1.2127733735199129
mp-9517,1.7359659788256978
mp-1869,1.6635784389587596
mp-867917,1.8245228332682828
mp-829,1.7216622539981024
mp-1120,2.0331260813493373
mp-672299,1.549015530058215
mp-1866,0.9819544444699736
mp-22154,1.143982292223977
mp-9586,1.4535782272784183
mp-30449,1.463026521086427
mp-568,1.7361812938993135
mp-4163,1.8162545606895415
mp-363,2.036596960770294
mp-11573,1.9032962278925105
mp-795,1.5594397768277026
mp-2490,1.7114950995087939
mp-569522,2.062544381346465
mp-2349,1.400917723075448
mp-7364,1.5593918665728865
mp-3038,1.2846562827885157
mp-11460,1.9197577805018942
mp-8937,2.233191625879435
mp-864969,1.7635253245221982
mp-4524,1.6920621902742616
mp-861979,1.854724949063656
mp-21850,2.1561552608896872
mp-2310,1.5723952428178443
mp-12549,1.6434230644892736
mp-16497,1.7174624577374915
mp-13683,1.826832536131677
mp-10744,1.1780267882704327
mp-30591,1.4835587709429452
mp-19717,1.3803198017626408
mp-669918,1.8917492569851764
mp-819,1.824665924364675
mp-10850,1.5099279811573474
mp-644225,1.5615426126181953
mp-446,1.9315595670908052
mp-2560,1.67728750108277
mp-28145,0.7814681428417983
mp-19728,1.7979388966899583
mp-972088,1.6021468415396114
mp-1490,1.1847481976279408
mp-11239,1.6771505212734328
mp-7431,1.1074134974881487
mp-7066,1.801087994243103
mp-10601,1.8088049353817097
mp-20191,2.0627624327534155
mp-4636,1.6470404858549599
mp-20466,1.7628285531890906
mp-7979,0.9701143222850972
mp-3747,2.107308353346817
mp-29154,1.9392945594264528
mp-23709,0.8648669143285261
mp-2802,1.9952709364073882
mp-622209,1.7973575766050773
mp-19740,1.5779740813769634
