material_id,property_value
mp-2,2.2226696584410193
mp-8,2.562347594011034
mp-11,1.4967636439371923
mp-13,2.316165419449939
mp-19,1.286793175654974
mp-23,2.240069762192599
mp-30,2.180108663681054
mp-32,1.7627985594405442
mp-33,2.4914485440459218
mp-42,2.2912689245819307
mp-45,1.236134016815431
mp-46,2.0528631645516087
mp-49,2.602504915187369
mp-50,2.288979889143491
mp-67,1.736659389995781
mp-75,2.235654676956949
mp-76,1.0405232264455961
mp-79,1.9338515779429601
mp-81,2.127736334664101
mp-82,1.421241863921055
mp-84,1.6745029066718735
mp-85,1.5593080109070125
mp-87,2.079250003897407
mp-90,2.3685695028234024
mp-91,2.48038642527123
mp-94,1.6223176608338443
mp-95,1.1007495256898598
mp-101,2.5379801947368756
mp-102,2.3023027830651905
mp-103,2.0345763221179722
mp-104,1.5111477784947727
mp-112,1.6203130694023409
mp-113,2.471301981415112
mp-117,1.554586062884101
mp-122,0.9510459481358198
mp-124,1.942959975186675
mp-126,2.394476196758219
mp-127,0.8925398046586354
mp-129,2.4191772842917967
mp-131,1.972346344825883
mp-132,1.239274447023257
mp-134,1.8857625307590953
mp-135,1.1420764610732848
mp-136,2.470711775643102
mp-139,1.0617916391840112
mp-140,1.6958755150316849
mp-142,1.6991784156726122
mp-146,2.2582348831665104
mp-149,1.9489799171735835
mp-153,1.5616737023990064
mp-157,1.3157185075363187
mp-160,2.3226802294212425
mp-165,1.9484863201376814
mp-171,2.3367178322009288
mp-173,2.044477041859281
mp-188,2.3502926087819414
mp-189,2.3088588230282885
mp-191,2.0289614544096253
mp-193,2.024103747579077
mp-196,2.0938732566690965
mp-203,2.0586006182575227
mp-213,1.7408204314536153
mp-214,2.255901775990846
mp-215,1.7565220053905515
mp-216,2.2234154605294942
mp-219,2.341094078413754
mp-226,2.164165414296824
mp-229,2.32182204386524
mp-230,1.9734419104946128
mp-239,1.5195523720701603
mp-241,1.9792387043182063
mp-246,2.009442396801993
mp-248,2.3955989430995244
mp-249,2.0706694442214384
mp-255,1.2360583667385543
mp-258,2.1425709057338787
mp-259,2.351212476328951
mp-265,2.5099601956624977
mp-266,2.093050274657039
mp-274,1.9867000921542541
mp-284,2.2523213621466387
mp-288,2.1179007320645193
mp-291,2.395051923122393
mp-292,2.290321818876993
mp-305,2.298230651062266
mp-306,1.5206669064729443
mp-313,2.0542682395471874
mp-315,1.8307297754283016
mp-316,2.385759947334373
mp-317,2.1473609212186413
mp-328,2.0711710966569616
mp-331,1.8947921960447727
mp-333,2.2132281307889032
mp-341,1.4916277927850559
mp-351,2.2170072748339384
mp-352,2.311550436492808
mp-361,2.048111489855652
mp-362,2.1035574369421024
mp-363,2.1590857137143455
mp-364,2.2887141324234266
mp-372,2.3756434988032638
mp-374,2.4144752942023455
mp-380,1.7502306044053497
mp-381,2.4105562351102447
mp-384,1.7593882956802058
mp-389,2.1793420613177372
mp-390,2.2654004251929467
mp-399,1.6549077747288228
mp-406,1.5445764915681006
mp-408,1.693981824321287
mp-416,2.4471564802877284
mp-417,2.264128069099519
mp-423,2.18400964970128
mp-427,2.2050256274486766
mp-429,2.1604535241395824
mp-432,2.370098396727099
mp-437,1.9106510806351575
mp-443,1.818232493783892
mp-446,2.385069776331935
mp-448,2.3954854013728393
mp-452,2.034832923892826
mp-458,2.331212627087181
mp-463,1.4747842644521352
mp-468,1.5923877443764842
mp-481,2.297007226947477
mp-485,2.2392994791268923
mp-486,2.0531745157063317
mp-487,2.136752266326663
mp-488,1.8110452189121078
mp-492,2.4448423526334797
mp-501,1.3925386794696881
mp-504,1.9006456433383794
mp-507,2.3074489689655793
mp-514,2.0424731281466495
mp-517,2.2664692467846175
mp-522,2.140511185533915
mp-535,2.2856180609812395
mp-540,2.0980203862096674
mp-541,2.2727255523282355
mp-544,2.228156448758633
mp-548,2.3591370154329008
mp-549,1.815132600842988
mp-550,1.9631973520922512
mp-556,2.1432865398259433
mp-559,2.095312348560091
mp-562,2.0236351287836136
mp-564,1.9910399095903786
mp-565,2.032425339908433
mp-568,1.9502723378504014
mp-571,2.1901915805753016
mp-574,2.3296663063271152
mp-583,2.290513185087556
mp-585,2.4039368450855423
mp-590,2.0689943070782415
mp-592,2.333219487269101
mp-597,2.180008249766514
mp-603,2.0991037304480162
mp-615,1.62087487242297
mp-625,2.0243296548945064
mp-628,2.042666063045703
mp-631,2.4004999977556998
mp-635,2.2671834659330994
mp-638,1.7183023492912977
mp-647,2.2507858266870344
mp-648,1.4500796696216884
mp-650,2.152545175021481
mp-661,2.2891874682207343
mp-662,2.0754812648214527
mp-672,1.7252253622308817
mp-675,2.3303407083185554
mp-676,1.6692703797381965
mp-682,1.664039938402841
mp-691,1.3772880336357036
mp-696,2.2397298056336328
mp-700,1.290257269394518
mp-712,1.8466463285771175
mp-715,2.3903326796401356
mp-718,2.1639689602154117
mp-728,1.7049908270631942
mp-729,2.3923961837245686
mp-730,2.243338228534989
mp-731,1.6296949571055064
mp-733,1.5781920805402574
mp-736,1.5968059465437126
mp-738,1.8606673464441366
mp-739,2.1432802948482763
mp-742,2.1170325338320217
mp-753,1.6788096319519625
mp-755,1.9948844009838613
mp-760,2.0985329752552624
mp-763,2.168597648446007
mp-766,2.178631675393253
mp-771,2.0882388891040464
mp-774,2.060965887253864
mp-778,2.3405135170883358
mp-782,1.7247099470801077
mp-786,1.7545318016639986
mp-788,2.0557566450185023
mp-795,1.7186594345013728
mp-796,2.2025918379101204
mp-801,2.463525698175991
mp-810,2.0339180872058455
mp-811,2.169480456808933
mp-818,2.2912555993953223
mp-819,2.2763422993037836
mp-820,1.6287260160903738
mp-823,2.545446909567159
mp-825,2.40179846170405
mp-829,2.190950477019804
mp-830,2.234780412561574
mp-833,1.971336163227738
mp-839,2.271255959383742
mp-841,1.8612356186340404
mp-842,2.1235413197806756
mp-844,1.8288789215986967
mp-846,2.0577991860293428
mp-850,2.152349508312726
mp-856,2.2353592410991174
mp-862,1.7689856936380386
mp-865,2.167001100529485
mp-869,2.1219339050531727
mp-871,2.304802780076547
mp-873,2.280614787665645
mp-875,2.374178074784558
mp-886,2.191856055256293
mp-889,2.4781478706432734
mp-891,2.338703453263817
mp-892,2.136809319003193
mp-893,2.151455658604665
mp-894,2.241038178238392
mp-902,1.3086924422012571
mp-903,2.255923458732901
mp-910,2.4716407669866474
mp-915,1.7557986569738306
mp-917,1.7607541095058237
mp-921,2.1826742384257973
mp-922,2.35791579857913
mp-927,1.9429104473795458
mp-930,2.131509595910235
mp-932,1.8637093886274512
mp-933,1.8770947838893584
mp-934,1.4298007116306466
mp-936,1.7846458167852552
mp-938,1.5187244558693596
mp-944,2.279518656438449
mp-945,2.335750674935293
mp-949,2.3389542523776075
mp-952,2.434251050239312
mp-953,2.0729260026020873
mp-971,1.4348562097403752
mp-979,1.9114079885840072
mp-981,1.8187667747080942
mp-988,2.370270616396198
mp-998,2.031759797637521
mp-1005,2.3168757547116816
mp-1017,2.1236981413572904
mp-1020,2.415035147019184
mp-1022,1.2614769886213744
mp-1027,2.3327797014798173
mp-1028,1.6922033697328374
mp-1029,1.7330848638202554
mp-1038,1.9613356506818589
mp-1039,1.5308909443189718
mp-1042,2.1799594689154427
mp-1046,1.9860727190395353
mp-1047,1.8511421135156971
mp-1057,2.11806622171401
mp-1067,1.6832992522396597
mp-1069,2.1205574803457217
mp-1073,1.4964729839273
mp-1078,1.6010381982177941
mp-1081,1.9869776395314065
mp-1082,2.5050074520585377
mp-1086,2.5104029029622406
mp-1089,2.4694317117043774
mp-1099,2.136910727481376
mp-1105,1.8139810756364718
mp-1108,2.481677628590631
mp-1111,2.496453599674941
mp-1113,2.5179239516500744
mp-1114,2.2287210842783987
mp-1120,2.450853927156495
mp-1121,2.2401197333673197
mp-1123,1.7011187803960166
mp-1124,1.8011978344591488
mp-1128,2.3324384599156054
mp-1129,2.2220007260906907
mp-1132,2.105063739088943
mp-1135,2.2958418829402656
mp-1138,1.8429148853314163
mp-1139,2.452008896912284
mp-1143,2.3636176200435965
mp-1145,2.4052097143846334
mp-1152,2.359059127514726
mp-1153,1.6073477767684134
mp-1156,1.651210150183348
mp-1157,2.3287423834145877
mp-1159,2.089968662079499
mp-1169,1.9387898243711974
mp-1172,2.0620364235241966
mp-1174,1.6930318734808543
mp-1185,2.400040381121319
mp-1190,1.751979262656985
mp-1194,2.1457897747057837
mp-1201,1.280896918228884
mp-1211,1.8262303430171443
mp-1215,2.262901762654138
mp-1219,1.555324237223348
mp-1220,2.1404231870569608
mp-1221,2.265188231491744
mp-1222,2.2890959670923965
mp-1224,1.350092885458106
mp-1229,1.8257311203676334
mp-1232,2.4248767385453798
mp-1235,2.3567618120135743
mp-1239,1.9921114877869497
mp-1249,1.964778022022376
mp-1251,2.3665406210802344
mp-1252,2.073278335635835
mp-1253,1.55024058653017
mp-1260,2.0265373500589425
mp-1264,2.0536967766478287
mp-1265,2.1802692776688746
mp-1266,1.3785614120185763
mp-1272,2.4241234088128603
mp-1275,2.4003013510013993
mp-1278,2.1048045219179117
mp-1279,2.486154086113417
mp-1281,2.4364918224707957
mp-1282,2.4867208560434877
mp-1285,2.3207775282016962
mp-1299,2.3140948490738587
mp-1315,1.8710180385162745
mp-1317,1.9244705403224327
mp-1326,2.2188163666741776
mp-1331,1.7438937182327345
mp-1332,2.3816077840456957
mp-1334,1.7726150498491708
mp-1335,2.291797160829137
mp-1336,2.1923499728998745
mp-1339,2.495746868571184
mp-1342,1.8342998728894109
mp-1346,2.359245275432318
mp-1349,2.0691572971620698
mp-1352,2.3935418622114044
mp-1356,1.942756875272991
mp-1357,2.1736756668767683
mp-1359,2.412994476899419
mp-1361,2.024731889655249
mp-1364,1.8842174302030572
mp-1367,1.7342235873788265
mp-1371,1.8082650030912368
mp-1373,2.234312235971235
mp-1380,2.131795040615637
mp-1387,2.208989253719114
mp-1393,1.7251108783810285
mp-1395,2.363563095511026
mp-1399,1.965850540459601
mp-1400,2.346853493969444
mp-1401,2.014129749964683
mp-1404,1.9501798016119467
mp-1412,2.077771121288055
mp-1418,2.299683769881799
mp-1424,2.0889931955479395
mp-1425,2.2984425942287965
mp-1431,2.3083103783773886
mp-1432,2.1609544768813187
mp-1437,1.546073569594591
mp-1439,2.3091913935798782
mp-1444,1.5547919097420488
mp-1451,2.3119190733811994
mp-1458,2.340398501608862
mp-1459,2.528889716646143
mp-1471,2.001430812246398
mp-1472,2.376144271871977
mp-1473,2.5282338845825
mp-1476,1.997460653762713
mp-1477,1.4979243425752615
mp-1479,2.2095605862638625
mp-1482,2.032175376961363
mp-1483,2.3454011794557315
mp-1487,2.196839145833112
mp-1490,2.1042070513186064
mp-1491,2.4530108608351724
mp-1500,1.6145914156787486
mp-1501,2.3009192364486957
mp-1502,2.112856256665623
mp-1509,1.226471015317139
mp-1515,2.1005290681362925
mp-1521,2.0320987466041713
mp-1522,2.2096838740094915
mp-1523,2.101887921941067
mp-1526,2.018758733485324
mp-1539,1.9737557404456714
mp-1543,2.041736036849998
mp-1545,2.3040637789517158
mp-1550,1.9178677081636246
mp-1552,2.4701325359094604
mp-1555,2.2348562855546046
mp-1557,1.760693832686587
mp-1565,2.371786163898571
mp-1569,2.3021230410988416
mp-1575,1.764751322324621
mp-1578,2.335586264381791
mp-1585,2.3199280450621806
mp-1589,2.2997403997530363
mp-1590,2.2536093545894813
mp-1594,2.2396822905099625
mp-1595,2.132128356446812
mp-1601,2.403655763854265
mp-1606,2.247609975567521
mp-1609,2.4396121316328205
mp-1620,2.341321731866523
mp-1627,1.9926109487067265
mp-1630,2.0223046229350685
mp-1638,1.6802085611921103
mp-1646,1.4054829629862724
mp-1648,1.9913634328355103
mp-1649,2.28980515418446
mp-1652,2.1478153998471594
mp-1664,2.2891874682207343
mp-1670,2.220570914368019
mp-1672,1.7547457473647483
mp-1677,2.295782544536227
mp-1682,2.0718341586681035
mp-1683,1.180641902729832
mp-1689,2.4190085157180055
mp-1692,2.1594619151913297
mp-1695,2.077513251497663
mp-1696,2.048655402146333
mp-1700,2.2892499457196
mp-1708,1.7904540625893903
mp-1714,2.2602026109963584
mp-1725,1.6526523954003471
mp-1734,1.7758506450728575
mp-1749,1.7504081021303424
mp-1755,2.1039780876687395
mp-1769,2.0204565849105687
mp-1775,1.8625189692378288
mp-1780,2.141709958565751
mp-1782,1.9124240070042726
mp-1783,1.7088201654840551
mp-1784,1.3316499545527432
mp-1786,2.1390663846073226
mp-1791,2.1178709372294295
mp-1799,2.3941731527295502
mp-1804,2.404445413760355
mp-1808,2.8070910361151107
mp-1822,2.0741396131876537
mp-1823,2.0567524405674393
mp-1825,1.898988310638381
mp-1840,2.280705817551724
mp-1841,2.474782808990459
mp-1842,2.1009044679283226
mp-1851,2.1158034885634573
mp-1866,1.3846401008262916
mp-1867,2.357997700863783
mp-1868,2.167308471505043
mp-1869,2.1774730103816635
mp-1871,2.346818320038284
mp-1873,1.9769549098949428
mp-1882,1.9555867398509261
mp-1883,1.5819382862819857
mp-1885,2.360604772470283
mp-1890,2.4929404931176884
mp-1894,2.5800212506654128
mp-1903,1.705324784486743
mp-1907,1.315655525231531
mp-1914,1.8674262367633332
mp-1915,2.3441288659444877
mp-1918,2.2982612471852377
mp-1925,2.121070453830489
mp-1932,2.3668131799122256
mp-1934,1.6196358597190368
mp-1935,1.336479746957996
mp-1941,2.183412211978426
mp-1949,2.2600069549033193
mp-1953,2.0549308081444724
mp-1963,2.356463757216159
mp-1969,1.9832698661003756
mp-1973,2.0898097680394434
mp-1982,2.122743266691025
mp-1986,2.1114943892028495
mp-1989,2.3331045403985895
mp-1994,2.4019224145116285
mp-2000,1.8427901579559833
mp-2006,2.378550513195589
mp-2008,2.133452679582434
mp-2012,1.508570116579046
mp-2025,2.1171254012507235
mp-2027,2.0933516320155547
mp-2028,2.1944671635616024
mp-2031,2.1303884539866758
mp-2033,2.305198694553102
mp-2034,2.5250072097677605
mp-2039,2.2385253198297494
mp-2053,2.2402121648853033
mp-2056,2.0222427355844967
mp-2059,2.2075239623228873
mp-2065,1.7808715300879754
mp-2070,2.1049205066203895
mp-2078,2.1063405109352393
mp-2083,2.042347083564683
mp-2089,1.2990276320719856
mp-2090,2.2783785743652594
mp-2097,1.4735599546008133
mp-2103,2.1323141330666786
mp-2105,2.1574658347302305
mp-2108,2.1454792116374346
mp-2114,2.2016073921220203
mp-2121,1.9370161074648142
mp-2123,2.2406640465925007
mp-2126,2.4451229439072435
mp-2128,1.7520177002190218
mp-2133,2.107776218920823
mp-2151,1.6969501883346132
mp-2152,2.168353087542634
mp-2157,2.600535115259745
mp-2168,1.433049411616613
mp-2170,1.8258673289207414
mp-2172,1.827956982326332
mp-2173,1.6063276124671917
mp-2176,1.6317784932109056
mp-2187,1.95488382642832
mp-2199,2.323938588496058
mp-2201,1.6675650144263525
mp-2210,2.022778799863035
mp-2211,2.340709766272737
mp-2212,2.078192100521152
mp-2213,2.2669416087484984
mp-2221,1.9909423621551123
mp-2225,2.1884841236406167
mp-2231,1.3680264161136761
mp-2243,2.250778513218519
mp-2250,2.2212237846938283
mp-2251,1.7158696940009075
mp-2252,2.281328859801704
mp-2258,2.0206719738367567
mp-2260,2.3018760452731546
mp-2263,2.3351067123870703
mp-2280,1.8720629914330218
mp-2283,2.108358651004931
mp-2286,1.527333396916821
mp-2287,2.2659445816154538
mp-2294,2.1779460729618605
mp-2301,2.0987994210262424
mp-2305,2.543448422696466
mp-2310,2.0242885895766336
mp-2311,2.3848890063599977
mp-2313,1.5901728315963144
mp-2318,2.3487681229968596
mp-2322,1.902497857280319
mp-2323,2.1525574012642332
mp-2327,1.8992458034478699
mp-2337,2.26325959580046
mp-2339,2.1982583425666515
mp-2340,1.6978045326940079
mp-2343,1.611925011653304
mp-2348,2.0762835421632535
mp-2349,1.7445511355336676
mp-2352,1.6615098038359233
mp-2354,2.0735057322332215
mp-2361,2.0487369302684684
mp-2363,2.483742730886412
mp-2369,1.989347461619309
mp-2371,1.1317148784650681
mp-2379,2.2396397725713104
mp-2385,2.3841866904892903
mp-2399,1.8156242299556207
mp-2403,2.2291389549386844
mp-2404,1.7476525842236437
mp-2406,1.797004252261329
mp-2410,1.784003569779971
mp-2430,2.0341429625332115
mp-2432,1.4784654851312637
mp-2444,2.254724465864818
mp-2449,2.3954242512225146
mp-2451,1.8559792519028737
mp-2454,2.2134699421277055
mp-2469,1.7262380468026375
mp-2472,1.9293678292400995
mp-2478,2.2435440171180043
mp-2481,1.7514176864921722
mp-2488,2.320358186738331
mp-2490,1.882723709928976
mp-2500,2.051457386654875
mp-2501,2.4673520405166003
mp-2513,2.1350881060685762
mp-2515,2.3652089733978587
mp-2516,1.7785491713061496
mp-2517,1.5647252284074704
mp-2533,2.3701632185959136
mp-2534,1.7834890874614695
mp-2536,2.3767940500287423
mp-2540,2.406432870893761
mp-2542,2.318140582399277
mp-2552,1.950530361090801
mp-2553,2.1055101847699738
mp-2554,2.0864274614344254
mp-2557,2.0165612050981006
mp-2560,2.0624954927323276
mp-2562,1.7809722210454124
mp-2567,2.283595182754537
mp-2572,1.4089180208467798
mp-2574,2.223612740865596
mp-2578,1.762100620189131
mp-2580,2.421413058570312
mp-2582,2.1527010338403127
mp-2583,2.273003588294798
mp-2589,2.1108892365124663
mp-2592,2.313331400653133
mp-2598,2.023631015854363
mp-2604,1.5713127796291944
mp-2605,2.0246539344714916
mp-2606,1.9970760632109028
mp-2612,1.6888912383401693
mp-2614,2.0273618412498324
mp-2619,2.045213413205793
mp-2624,1.6952714831416225
mp-2634,2.4949417349900873
mp-2643,2.1225697250570827
mp-2644,2.1709155990418028
mp-2646,1.627048213833253
mp-2647,2.0182093518080912
mp-2652,2.141176881761803
mp-2653,2.5722731642557184
mp-2654,1.5128844243846222
mp-2657,2.319185204089667
mp-2658,2.2319153799519436
mp-2659,1.5550823510705005
mp-2663,2.3087777736647213
mp-2667,1.0025548081484825
mp-2670,2.2204454508778846
mp-2672,1.5107192292163927
mp-2674,2.210256970344288
mp-2676,2.224061479317164
mp-2677,2.157520230331742
mp-2682,2.0173756288707714
mp-2685,2.0597337702901735
mp-2691,1.6497339146395933
mp-2695,2.1101282377373156
mp-2696,1.8012046985503432
mp-2697,1.852156592250041
mp-2698,1.9285545865575064
mp-2700,1.7903836961733997
mp-2701,2.4974770119571335
mp-2705,2.3940048982962767
mp-2715,2.0856330255180935
mp-2723,2.430454010538982
mp-2730,1.5335178620169674
mp-2731,1.9901434227116108
mp-2733,2.15457915925036
mp-2741,1.9039577085231705
mp-2743,1.8612655071087711
mp-2744,1.9020681938817754
mp-2749,2.0936317768289476
mp-2752,2.2664786520348175
mp-2758,1.6154871183986583
mp-2760,2.3719245174246955
mp-2762,2.292907024986071
mp-2767,2.0651575381738914
mp-2772,2.0553400995441815
mp-2773,2.293941228323914
mp-2775,1.7324420120847706
mp-2780,1.9300673284892442
mp-2781,2.044033834158265
mp-2783,2.331631741364648
mp-2794,2.362887551897812
mp-2795,2.3405452401368403
mp-2797,2.035229556350212
mp-2802,2.2969173587824003
mp-2807,1.9569316181631036
mp-2809,1.2072033593080298
mp-2824,2.1975589688204407
mp-2827,2.231668341715186
mp-2828,2.4319777761716805
mp-2831,2.2254876160540658
mp-2845,2.085040706742194
mp-2851,1.998612386180097
mp-2856,2.0905754552222016
mp-2857,2.3020948820032583
mp-2858,2.262709690857013
mp-2879,2.1383500731620817
mp-2894,1.9462213004339084
mp-2895,2.0759992679271404
mp-2910,1.6731868478359664
mp-2918,2.0614901766248153
mp-2930,2.284484876275013
mp-2931,2.0425794498156504
mp-2932,2.1931858406938973
mp-2949,1.9052020286623186
mp-2955,1.8397670618397863
mp-2998,2.2224745511647055
mp-3020,2.2249006459197207
mp-3034,1.8819834674179483
mp-3038,1.497385832537447
mp-3054,1.7318787351768967
mp-3094,1.919752556189443
mp-3098,2.251285288846628
mp-3104,2.00140483950833
mp-3136,2.2468947799024206
mp-3138,1.2713071187849645
mp-3155,2.2412973871099933
mp-3158,1.8986100124802883
mp-3159,1.5040356703924644
mp-3161,1.7998159450265385
mp-3163,2.1268227394781265
mp-3173,1.7555852294650895
mp-3210,1.9628994480115844
mp-3216,2.1220060551654916
mp-3271,2.18514252210566
mp-3274,2.219592384306285
mp-3315,2.2081133617790076
mp-3323,2.1827512286069286
mp-3340,2.3077334443793847
mp-3349,2.1443904886524576
mp-3378,2.1913084619947285
mp-3390,2.072944360338683
mp-3397,1.8111928194604274
mp-3427,1.9654651150685878
mp-3432,2.015992291334867
mp-3441,2.1803552964487887
mp-3448,1.873837726332336
mp-3464,2.366857967737883
mp-3469,2.1628988099465722
mp-3519,2.1151010401193164
mp-3522,1.824639911308145
mp-3534,1.3429159170840854
mp-3536,2.2621210904362217
mp-3567,1.664190525950086
mp-3574,2.0982317293149517
mp-3576,2.237634206736453
mp-3582,2.197972120962799
mp-3595,1.8214545704009397
mp-3618,2.0432718724755765
mp-3623,2.2745480769133786
mp-3635,1.7975306698796039
mp-3642,2.138444807652802
mp-3654,1.6829659383364004
mp-3657,2.3153698908355587
mp-3666,2.0841578669437473
mp-3668,1.8151791301394187
mp-3676,1.9905785831102347
mp-3677,2.238733401123315
mp-3679,1.9292809514347304
mp-3698,1.7186760359723956
mp-3700,1.901692570164319
mp-3701,2.11038092944186
mp-3702,2.2954219443867503
mp-3721,2.1877603627008733
mp-3731,2.0133471158695526
mp-3732,2.2546688990549204
mp-3747,2.1993190187747778
mp-3748,2.1931245983544616
mp-3759,2.223508920280753
mp-3762,1.6373796409223318
mp-3771,2.207060493516222
mp-3791,2.138365863678996
mp-3792,2.2788907249286785
mp-3803,2.3742294482166963
mp-3805,2.351216345339342
mp-3813,1.742505179675837
mp-3821,1.3843354899342843
mp-3833,1.7937065898906932
mp-3834,2.1727342504111538
mp-3854,2.0997462291226503
mp-3862,1.7714845901365803
mp-3871,2.127428777851599
mp-3886,2.097298966638625
mp-3896,2.25502874925056
mp-3909,2.2116250553400287
mp-3924,2.1949775272458845
mp-3938,2.1007013101616576
mp-3953,1.8763968346703837
mp-3955,1.4841716679652541
mp-3970,1.4447472222257778
mp-3988,1.88958740230026
mp-4002,1.7637423688587168
mp-4019,2.23621973764206
mp-4043,1.5258995902372383
mp-4064,2.0229765641477884
mp-4076,2.1519517887072657
mp-4079,2.0015519978237344
mp-4081,1.6231458746379397
mp-4083,1.818093869146636
mp-4120,1.809108352564942
mp-4124,1.8442410144039865
mp-4131,2.1901271112981235
mp-4152,1.605380475356462
mp-4163,2.1126820685626546
mp-4182,1.8899512572819883
mp-4192,1.7774268223893113
mp-4200,2.1754654242924887
mp-4230,1.9881530095343152
mp-4236,1.9167433817375144
mp-4247,1.4954194425818668
mp-4248,2.2168570550960576
mp-4252,1.210131168184136
mp-4253,2.4658793290545575
mp-4255,1.8277891465305294
mp-4259,1.8667361734767869
mp-4262,2.146828545796429
mp-4280,2.17065475006539
mp-4342,2.0407802931925323
mp-4359,1.9905120051821403
mp-4366,1.7348078275719578
mp-4368,1.9205094261474893
mp-4385,1.952138330237461
mp-4441,1.8989773501103626
mp-4448,1.9013711268002458
mp-4471,2.313375725785646
mp-4472,2.499754420529407
mp-4478,1.917431983102168
mp-4492,2.339834882214471
mp-4499,1.8308195467635981
mp-4500,2.239737307546393
mp-4524,1.8663759615683109
mp-4541,1.7654673769353144
mp-4551,2.2127174932915405
mp-4559,1.6689726564800897
mp-4563,2.1713519508565486
mp-4573,1.456457134303779
mp-4593,2.371210139708861
mp-4612,2.2752076644367407
mp-4613,2.1015718090086004
mp-4627,2.1304045366444386
mp-4628,1.5416790702846606
mp-4630,2.0393863551711293
mp-4636,2.1310858939430637
mp-4651,2.2258776286395183
mp-4653,2.2402771049959007
mp-4656,2.0926188998106463
mp-4661,2.154697793596388
mp-4666,1.8716604860918669
mp-4673,2.1901775663291234
mp-4678,2.153824007290012
mp-4697,1.8598945003063647
mp-4720,2.324338024969905
mp-4728,1.7739618820596863
mp-4730,1.4888044508279663
mp-4744,1.9273600959086337
mp-4753,2.154223061647266
mp-4756,1.6126143428682846
mp-4771,2.12866738862976
mp-4779,1.6224212739756703
mp-4798,2.220777327478127
mp-4820,2.3054158638380353
mp-4822,2.115883315993916
mp-4823,1.672467313068082
mp-4824,1.627570664180543
mp-4826,2.082332894153905
mp-4842,1.9292911732550972
mp-4846,2.0525092601906265
mp-4852,1.9320016695461044
mp-4864,1.6100103643840258
mp-4876,1.1534794900219245
mp-4878,2.0129299767281426
mp-4883,1.9223049695157741
mp-4893,2.138769905556636
mp-4897,2.0933621407079466
mp-4901,1.7969903905456863
mp-4909,1.9826555944771747
mp-4938,2.3889320340775217
mp-4955,2.2904286383224357
mp-4964,1.9839373524285786
mp-4978,2.195071767962503
mp-4979,1.9146868595855424
mp-4989,2.1142973250535646
mp-4992,2.3182136416549164
mp-4997,2.0743080039765904
mp-5014,1.641959693496038
mp-5019,2.308034827745517
mp-5020,1.9738249371214094
mp-5025,2.218800622239652
mp-5042,1.9352855275896776
mp-5046,1.578157666893844
mp-5077,1.4644299284508449
mp-5078,1.7896018623546963
mp-5129,2.124331385584396
mp-5137,2.0570686332806076
mp-5149,2.2903841334130726
mp-5166,1.9458426459974913
mp-5186,1.970305025709028
mp-5193,1.8406329530245915
mp-5213,1.7559281868078978
mp-5221,2.2356243850910023
mp-5244,2.0580120326329974
mp-5259,1.658335803210077
mp-5288,2.167621529764649
mp-5292,2.061855673028387
mp-5305,1.8202474489018763
mp-5318,2.0660089424918873
mp-5348,2.014738891140639
mp-5396,2.24188253033637
mp-5407,2.255183224283405
mp-5414,1.3679705810433938
mp-5443,2.2072087495498915
mp-5456,1.9851973648650514
mp-5473,1.703213972204323
mp-5475,2.133679392684302
mp-5479,1.745223176214835
mp-5486,1.9902811226451476
mp-5529,2.3750798957982324
mp-5532,2.1041250483636187
mp-5538,2.0325945879433838
mp-5541,2.1940562179758785
mp-5549,1.8170296076746693
mp-5590,1.7779412906396972
mp-5597,1.9722213580047427
mp-5606,1.7548374061252074
mp-5621,1.647197083601016
mp-5652,2.148081064958039
mp-5659,2.264035861449841
mp-5676,2.0448493004527935
mp-5693,1.7809866035623665
mp-5699,1.6396060034137891
mp-5723,2.1159198986630368
mp-5748,2.2058672128865897
mp-5777,1.9906362757264902
mp-5778,2.3441937498439795
mp-5782,1.7972051974353558
mp-5795,2.007769108247148
mp-5827,2.2466905733265916
mp-5839,2.0117818305481068
mp-5869,2.050762447385944
mp-5878,1.852174904420303
mp-5910,1.7163706681963866
mp-5918,2.255342469133995
mp-5920,1.747046505087341
mp-5928,1.585505848669302
mp-5929,1.4777866629092395
mp-5933,2.1441537191321305
mp-5938,1.9842887233877966
mp-5962,1.5206538109166268
mp-5967,2.1492745509655933
mp-5971,2.201855759253823
mp-5986,2.030125908568873
mp-6606,2.2309314864554803
mp-6668,1.9878985414119605
mp-6812,1.7439720344016456
mp-6908,1.7241857236551137
mp-6914,1.5686475273507532
mp-6915,2.1478030393743666
mp-6919,1.9115357864682492
mp-6926,2.043488028351561
mp-6931,1.7683346549932593
mp-6938,2.233602682980597
mp-6959,1.2110938310589634
mp-6962,1.8018494392053968
mp-6963,1.8060510236675624
mp-6969,2.0958838667012913
mp-6972,2.06442429265818
mp-6980,1.9023728092623322
mp-6985,2.0355898172434572
mp-6988,2.4359462413032062
mp-6997,1.5063561832454304
mp-7000,1.474172540954393
mp-7002,2.017621743614273
mp-7006,2.2386481750578047
mp-7017,2.1121322480074234
mp-7032,2.3159241861025035
mp-7038,1.3516803765278953
mp-7048,2.2703643536504052
mp-7066,2.0939921973717937
mp-7068,1.6349405391369598
mp-7070,2.2542313641187035
mp-7080,1.8872064389888106
mp-7088,2.4157493732090867
mp-7089,1.3697166775485605
mp-7090,1.4310741379515854
mp-7092,2.163814115597508
mp-7140,2.3295260129270896
mp-7173,2.0517119193567726
mp-7187,2.216545908662437
mp-7188,2.2787810292118555
mp-7189,2.1756567472816637
mp-7192,1.8575676755870267
mp-7226,2.3074703645741765
mp-7250,2.343900712249606
mp-7285,2.247543666754485
mp-7339,1.7633830642235966
mp-7343,1.7451919415576551
mp-7350,1.831940125567384
mp-7352,1.9605088301481763
mp-7364,1.9688983649604552
mp-7375,2.0141928042043102
mp-7376,1.5593559304129536
mp-7377,1.4973305629650517
mp-7400,1.5942930822339292
mp-7421,1.4899584794248346
mp-7422,1.9574731952974207
mp-7424,2.238545380200175
mp-7426,1.7431725460666727
mp-7427,1.711081393214433
mp-7429,1.6389283213090173
mp-7430,1.5949888812856787
mp-7431,1.6239725120169963
mp-7432,1.5747371461260398
mp-7433,1.6745580388421282
mp-7434,1.5047562204972065
mp-7435,1.551144908756322
mp-7436,1.467963090535135
mp-7437,1.5623880418581055
mp-7438,1.3881189710303052
mp-7443,1.8782689579328207
mp-7473,2.022824128799754
mp-7482,1.7049222912234017
mp-7483,1.7047594752438275
mp-7486,1.7503926704250532
mp-7506,2.350467049147798
mp-7524,2.106490073083171
mp-7544,2.281481073642659
mp-7565,2.16291373266843
mp-7574,2.324586972130439
mp-7575,2.0522051337376856
mp-7576,2.264002756492095
mp-7577,2.3559952450494643
mp-7582,1.2550553035574419
mp-7583,1.4380040914218104
mp-7589,2.019390495116965
mp-7591,1.832994029612327
mp-7596,2.3740165758521994
mp-7603,1.716779368873068
mp-7604,2.0342553565472525
mp-7623,1.6368989275069108
mp-7631,2.328622169692249
mp-7632,2.377100349596691
mp-7650,1.9742905745780759
mp-7692,2.356618541969091
mp-7704,1.783760695743924
mp-7707,2.2547824410439548
mp-7748,2.1250125603953793
mp-7753,2.1097978321814024
mp-7770,1.7323696316815194
mp-7771,1.67019945161226
mp-7781,1.8377903887073685
mp-7786,1.0068937079479006
mp-7787,2.14930534696923
mp-7790,2.253318616746809
mp-7804,2.403777473791868
mp-7822,1.94331640875922
mp-7823,1.9671172120942877
mp-7829,2.297090502791367
mp-7832,2.533772058384718
mp-7857,2.316819221899864
mp-7875,1.6902581176662026
mp-7876,1.635795281553983
mp-7891,1.7297801442202818
mp-7904,1.7436978660012339
mp-7906,1.5743554199391019
mp-7907,1.5668615619192423
mp-7908,1.4599350168515248
mp-7909,1.4051413753629496
mp-7910,1.399881302691986
mp-7914,2.0032235012022888
mp-7916,2.1280080983184604
mp-7917,2.045444251302896
mp-7918,2.1023753841810504
mp-7930,2.1218125346445484
mp-7931,1.650783334638871
mp-7936,1.9177942430134212
mp-7937,1.8830251394250557
mp-7938,1.8419098120181538
mp-7939,1.785756799962643
mp-7940,1.7553030392871805
mp-7955,1.4567758380072109
mp-7979,1.3759743661761916
mp-8001,2.1544270165131065
mp-8016,1.8032795375792046
mp-8017,1.6981440599245037
mp-8039,2.094701666282325
mp-8042,2.3068173238493586
mp-8044,2.3565249133403587
mp-8053,1.8674910581546749
mp-8062,2.3277307356410115
mp-8093,1.1710532875593762
mp-8094,1.206933761880598
mp-8110,2.30629632863675
mp-8126,1.9688377109355428
mp-8150,1.5562180464069215
mp-8159,1.7031709629564489
mp-8182,2.062724845493073
mp-8188,1.9814878921570145
mp-8200,1.7996782027580143
mp-8219,2.105186472189279
mp-8221,2.2706671927049302
mp-8231,2.23092127899
mp-8236,1.7888327435150873
mp-8237,1.7649379086024648
mp-8256,1.5295971612254247
mp-8276,1.8027463672975792
mp-8277,1.7319109421168724
mp-8278,1.70816585785554
mp-8279,1.7050679169571321
mp-8280,1.6540706034747268
mp-8281,1.6483697702978364
mp-8282,2.3093831454232756
mp-8285,2.2125285116338675
mp-8335,2.0246046924080114
mp-8352,2.164367728628462
mp-8372,1.7810656988927827
mp-8401,1.7958730685767745
mp-8402,1.8202474489018763
mp-8409,1.895334131038715
mp-8414,1.184492688528423
mp-8418,2.299524731144672
mp-8426,1.2000566659722143
mp-8432,1.8648372726889622
mp-8439,1.5931309341444004
mp-8446,1.3401862379163454
mp-8456,1.8595405691653504
mp-8458,1.8340326538912362
mp-8462,2.0666985504229953
mp-8484,2.141860355986802
mp-8487,1.912057237881379
mp-8566,1.946692927161661
mp-8601,1.5143219139450625
mp-8605,1.7674230420253367
mp-8606,1.7583970921987722
mp-8624,1.371086342494794
mp-8628,1.6768581532011946
mp-8630,2.1489695526469936
mp-8640,2.010931429730232
mp-8642,2.559964048609104
mp-8648,2.273776519190015
mp-8697,2.200817678628218
mp-8780,2.45974520875227
mp-8786,2.1407499487010098
mp-8790,1.8871275992226886
mp-8800,1.563492951201761
mp-8818,1.9125408827906376
mp-8830,2.041270275827564
mp-8842,1.8173008783933213
mp-8843,1.8373106029123634
mp-8861,1.5954741758608544
mp-8864,2.306369262703833
mp-8880,1.9170851906405673
mp-8881,1.8273886607675807
mp-8882,1.8822398480188234
mp-8883,1.7835462822703498
mp-8884,1.628858735758181
mp-8911,1.6717095914878397
mp-8937,2.278682736598269
mp-8938,2.3165113029800946
mp-8939,2.3431544424091664
mp-8978,1.9753214974896445
mp-8982,1.7876942079873628
mp-8983,2.009246873958783
mp-8994,1.3353575901491754
mp-8995,1.3543773878332486
mp-8996,2.2613675627871697
mp-9023,2.053781201051674
mp-9025,1.967000082761004
mp-9027,1.6665928524595406
mp-9029,1.9398286396073554
mp-9060,1.8297217811011617
mp-9061,1.8378913287384804
mp-9124,1.7292134020259256
mp-9158,1.9090744014009042
mp-9166,1.9856554624996055
mp-9172,1.902747845351485
mp-9173,2.003572538066993
mp-9177,1.9350031514536548
mp-9198,2.052755485054968
mp-9223,2.167432540451457
mp-9225,2.173611610354988
mp-9244,2.1850716268382415
mp-9251,1.3631605302861047
mp-9262,1.0732416476119986
mp-9272,1.4361785549721842
mp-9289,1.9135224595702636
mp-9295,1.5404295887797688
mp-9307,1.7302249233984073
mp-9321,1.7542412781022039
mp-9339,2.2693891760052587
mp-9350,2.001023727453483
mp-9381,2.059828381640983
mp-9382,2.172562068247549
mp-9383,2.1938561578139453
mp-9391,1.3328624474958262
mp-9437,2.21488621617435
mp-9459,2.00358976718914
mp-9472,1.8107431523653792
mp-9473,1.8836216939710086
mp-9486,1.4380832887672355
mp-9514,2.1233419439496366
mp-9517,2.085215631877729
mp-9549,1.994114698738839
mp-9550,2.0701117827822
mp-9556,1.6972903838788824
mp-9564,1.699247863898858
mp-9565,1.5996866130551266
mp-9566,1.5794177208732638
mp-9567,1.5589004814871958
mp-9569,1.8209301471805512
mp-9570,1.75605006195928
mp-9571,1.7576768627259367
mp-9573,1.6486624478733192
mp-9574,1.5372270441455222
mp-9575,1.7489551197525488
mp-9577,1.6975693197899806
mp-9578,1.5446508485735162
mp-9583,1.6548308608028441
mp-9586,1.836577274840649
mp-9595,2.2072060544373233
mp-9615,1.814633759579442
mp-9687,1.3338300104456462
mp-9690,1.7692886855039553
mp-9716,2.2528263416721077
mp-9743,1.8108035824848656
mp-9744,1.7707857582779942
mp-9768,1.7386933738341401
mp-9778,1.3452364600468796
mp-9801,2.248911995653731
mp-9812,2.0567028955488933
mp-9835,1.9989912662178209
mp-9902,2.079709316489523
mp-9916,2.320476556778195
mp-9919,1.6651211271244977
mp-9923,2.18981864756667
mp-9938,2.1514679155575167
mp-9939,2.1238973537698125
mp-9945,1.869571979375695
mp-9946,1.8388994408018764
mp-9951,2.260674685811535
mp-9953,2.167689427715593
mp-9954,2.1042070513186064
mp-9956,2.275290618501228
mp-9957,2.254700307255832
mp-9958,2.1892881386407774
mp-9960,1.8892512653797477
mp-9961,2.052004832945121
mp-9964,2.1867190747219896
mp-9969,2.0048843016372992
mp-9970,1.951507511326023
mp-9972,1.9503794604471627
mp-9973,2.4297377494606796
mp-9985,2.361882643847037
mp-9987,2.347628551138781
mp-9988,2.288287241447692
mp-9989,2.309734470731215
mp-9999,2.4886324915282008
mp-10000,2.126478833774501
mp-10003,2.288112788265334
mp-10010,2.272586467566815
mp-10015,2.4638288101453543
mp-10025,2.4087808000559496
mp-10026,1.7966714489126991
mp-10037,2.3670426687113517
mp-10044,2.1203336867595644
mp-10046,2.301847870157605
mp-10052,2.0616107867606375
mp-10054,2.069656998955099
mp-10055,2.4943480346910576
mp-10059,2.3874645755131243
mp-10063,1.5640265772654753
mp-10092,1.6139580408572138
mp-10113,2.3852737233729955
mp-10125,2.206164489768199
mp-10133,1.8978579206733819
mp-10139,1.9200136948568483
mp-10140,1.8840813339498128
mp-10154,2.11812578255399
mp-10155,2.2860565730869853
mp-10161,1.3828092224315145
mp-10172,0.8908120989551245
mp-10173,1.1566702765541264
mp-10180,1.8352909635809
mp-10181,2.175621967552174
mp-10182,1.800166990201364
mp-10183,1.9026772111345442
mp-10189,1.547885417913373
mp-10196,2.4321271294654903
mp-10200,2.141709958565751
mp-10208,2.2114702932349846
mp-10212,1.9050075006972325
mp-10228,1.2668664412211808
mp-10240,2.1684120304763232
mp-10245,2.1905529918716558
mp-10259,2.2335240540016557
mp-10264,1.5423647559061262
mp-10270,2.319998725599523
mp-10271,2.357858648301793
mp-10281,1.8392705923643142
mp-10293,1.607122472989352
mp-10300,2.295285541910094
mp-10311,2.1587031589792254
mp-10322,2.019199401055288
mp-10379,2.136989936382342
mp-10390,2.1027320519952926
mp-10394,2.2644116622151875
mp-10402,1.4094597040874477
mp-10435,1.886975510673071
mp-10437,1.8291622019278189
mp-10440,2.310006818379358
mp-10445,1.7927697813534784
mp-10446,1.8540690892725673
mp-10455,1.916959015601358
mp-10456,2.284419453321865
mp-10457,2.2286107814032534
mp-10463,2.2403470296416534
mp-10469,2.3326464674509686
mp-10470,2.344561242283595
mp-10521,1.8471159163280906
mp-10527,1.9290355555420655
mp-10550,1.9722259877877693
mp-10597,1.9548308210824836
mp-10598,1.8812077070748365
mp-10601,1.8965151946470846
mp-10608,1.9137873702054773
mp-10615,1.5783297078628986
mp-10616,1.5325378145601511
mp-10635,1.7090917958394674
mp-10669,1.5200116444489071
mp-10670,1.6613203954496931
mp-10675,2.21125139749296
mp-10694,1.956821302879551
mp-10695,1.8393649023810954
mp-10700,2.226058310427113
mp-10706,2.412997832870054
mp-10711,2.244108814547987
mp-10712,2.3303995672225786
mp-10721,2.083875121965382
mp-10739,2.3418300569205104
mp-10744,2.2076182123030534
mp-10746,1.983274379587298
mp-10748,1.51067903103221
mp-10749,1.6811054991397882
mp-10755,2.077226145876181
mp-10759,1.7605054136870835
mp-10797,1.8974291398379688
mp-10847,1.8999736271358285
mp-10848,2.0008893923718745
mp-10849,1.9813428417603993
mp-10850,1.8997493904559983
mp-10873,2.0592945037281774
mp-10877,1.9094811444264534
mp-10883,2.299513835949057
mp-10884,2.2734781550147636
mp-10886,1.9907959999081803
mp-10887,2.1276198124476084
mp-10890,1.8061392569675687
mp-10891,2.1623941201478654
mp-10892,2.010134520008822
mp-10894,2.267549517613631
mp-10895,2.268076933949144
mp-10901,2.1068399831974616
mp-10904,2.253480969373117
mp-10905,2.1768636160395003
mp-10909,2.3886233203986285
mp-10910,2.221807924016224
mp-10911,2.0487641029084456
mp-10918,1.4833304952573199
mp-10919,1.5588045366106533
mp-10924,2.3090080849041015
mp-10969,1.9218788747256053
mp-10991,1.984252698421161
mp-11019,2.1714485332599147
mp-11022,2.0886427653583093
mp-11023,2.129154748949987
mp-11025,1.835335382621906
mp-11029,2.0192575690191226
mp-11038,2.005146179567132
mp-11073,2.090924330023061
mp-11113,1.887476638154133
mp-11175,1.4958217533859057
mp-11176,2.1202744279723906
mp-11190,2.242181023076024
mp-11191,2.2892499457196
mp-11192,2.266417514267355
mp-11193,2.0187712113592586
mp-11202,1.7814753259527867
mp-11220,1.8473937225691908
mp-11227,1.9683334881784074
mp-11228,1.7277120134198551
mp-11230,1.7390657677570611
mp-11231,1.8755763206366651
mp-11233,2.0370797208145865
mp-11237,1.9036325160842376
mp-11239,2.0223541264666283
mp-11248,1.9914786021125253
mp-11252,2.084322418501385
mp-11256,2.016368861779009
mp-11261,1.9242430933470056
mp-11263,2.0686236474200874
mp-11269,1.7404100644900442
mp-11272,2.221995516349059
mp-11275,2.3829872639377108
mp-11276,2.318025750160154
mp-11277,2.0359337875463233
mp-11278,2.269206962383008
mp-11279,2.09637115368863
mp-11280,2.0867370046727265
mp-11281,2.198734043714742
mp-11282,2.3382512509327418
mp-11283,2.1017127138465104
mp-11286,1.5602295339143972
mp-11287,1.5839917991983163
mp-11288,1.4834446480985353
mp-11290,1.6456678415817607
mp-11293,2.0538195703560334
mp-11299,1.5781347229478364
mp-11300,1.8628764377937703
mp-11307,1.6301531757312815
mp-11313,1.8943769925848761
mp-11322,2.1533727256752764
mp-11327,1.1372591386367676
mp-11328,2.274631157048543
mp-11329,2.27732493914452
mp-11334,2.474536765872086
mp-11345,2.1314069182339463
mp-11350,1.9399184203690567
mp-11358,2.3841705525454726
mp-11359,1.8500761942871944
mp-11361,1.8937062930647135
mp-11364,2.11168920335599
mp-11385,2.078028838054697
mp-11387,2.002632515687276
mp-11388,2.3338541719219097
mp-11397,2.072922330961648
mp-11407,2.333237633994193
mp-11411,1.884512159190394
mp-11412,1.9025902609401695
mp-11413,1.8751712707267747
mp-11441,2.066810275625833
mp-11445,1.9745853737795211
mp-11449,2.6760073395607002
mp-11452,2.3526223803604385
mp-11453,2.2527486907221994
mp-11454,2.133838978808544
mp-11456,2.361761822951488
mp-11460,2.2750970343639603
mp-11464,1.6044744589722408
mp-11465,1.631859599634449
mp-11470,1.9179936195157308
mp-11471,1.8855986599072527
mp-11481,2.4907560613723425
mp-11482,2.527633766977115
mp-11486,2.0289695798852123
mp-11489,1.5614472497364895
mp-11490,1.5745868091938182
mp-11499,1.6313625848869606
mp-11504,1.9082758637719068
mp-11506,2.3313138994753255
mp-11507,2.321557007938544
mp-11512,2.133270584787638
mp-11513,2.294970772745136
mp-11514,2.383678954556753
mp-11517,2.4054590605958923
mp-11520,1.9479578920010872
mp-11521,2.02540418496075
mp-11522,2.2206336325237563
mp-11531,2.3607959361260544
mp-11533,2.2111819684824487
mp-11537,2.3626257079892854
mp-11541,2.3180800382754656
mp-11547,1.9137238063884756
mp-11549,2.283940889373407
mp-11550,1.9571713373700992
mp-11557,2.3544100345507633
mp-11560,2.307776206524338
mp-11565,2.252243620846843
mp-11566,1.8770486730986473
mp-11567,1.909256412477375
mp-11571,1.7581015635540993
mp-11572,2.4110672283833936
mp-11573,2.3097919332783685
mp-11578,2.0716905811154005
mp-11580,2.3142823423591192
mp-11583,2.2037235080221134
mp-11621,1.9863999623824058
mp-11644,1.207284205912198
mp-11693,1.6709134849994605
mp-11695,1.2723058444020865
mp-11697,2.0059051622228408
mp-11714,2.3290539691423517
mp-11718,1.4002443312381505
mp-11737,1.8975666156964615
mp-11738,1.4113839783279833
mp-11750,2.175068014884829
mp-11754,1.857537531529356
mp-11806,1.9391896628066057
mp-11809,2.0386559212307875
mp-11826,2.0610375900634184
mp-11834,1.912067873230514
mp-11869,2.0934076754368545
mp-11870,1.9458082064905677
mp-11873,2.135301245809577
mp-11879,1.6674155926179275
mp-11883,2.2952151238662983
mp-11917,2.2664551385273994
mp-11957,1.877014086792482
mp-11958,1.7685937077199438
mp-11959,1.8255105016211484
mp-11977,1.7705206437029508
mp-11984,1.731226030226472
mp-12029,1.767682638929351
mp-12065,2.082806905046101
mp-12070,2.0254451449322883
mp-12071,2.103451354964315
mp-12083,2.4884914904874105
mp-12086,2.228741602653018
mp-12087,1.9609224371801504
mp-12104,2.243077753795291
mp-12107,2.376662712625671
mp-12108,2.392118094441954
mp-12109,2.402986607371489
mp-12137,1.844998761357543
mp-12177,1.6774883266833276
mp-12317,1.7553335551746911
mp-12359,1.7217611671055533
mp-12360,1.6882596018645104
mp-12403,1.1713168246565726
mp-12411,1.6855894849852797
mp-12467,1.5581443411709963
mp-12480,2.174745759344219
mp-12520,1.844607630887449
mp-12521,1.9652722740264037
mp-12532,1.5655644907422532
mp-12537,2.1427147522380814
mp-12546,2.149840848152133
mp-12549,1.9333303465704383
mp-12550,2.28816647363177
mp-12557,1.7617098851236028
mp-12558,1.6679103555827366
mp-12564,1.7311857076340005
mp-12565,2.1148377454883764
mp-12571,2.167922561601553
mp-12580,1.5550823510705005
mp-12585,2.363156766233722
mp-12593,2.3860689170926235
mp-12595,2.4237126943796254
mp-12608,2.3607543036853618
mp-12614,1.382917135087531
mp-12622,1.7980910186919257
mp-12635,2.165006779568368
mp-12648,2.1027800426085244
mp-12657,2.0774151481393175
mp-12659,2.349227002575938
mp-12666,2.097982264210186
mp-12674,2.0554165598404888
mp-12678,2.794512444540241
mp-12693,1.8048206787211623
mp-12696,1.853424410475583
mp-12699,1.7159365239590147
mp-12700,2.3966421365483415
mp-12716,1.9738802865249576
mp-12723,1.6736382543487547
mp-12724,1.3828991515068372
mp-12725,2.2718950191506773
mp-12742,2.110838769038538
mp-12752,2.0320745447346082
mp-12759,2.0496559738877713
mp-12760,2.0230053972499347
mp-12761,2.137632578303472
mp-12772,2.045999325242387
mp-12773,1.9903033282235583
mp-12777,2.1409854416315475
mp-12778,2.454768661309849
mp-12779,1.5406672670504424
mp-12798,2.305714562921231
mp-12802,2.1192096852796056
mp-12806,1.6966533900198175
mp-12814,1.4207641374717914
mp-12863,1.589234492415504
mp-12903,1.5960139800932842
mp-12908,1.7863325376110433
mp-12927,1.992036297916026
mp-12951,2.0950821349474973
mp-12952,2.118677985690463
mp-12954,2.0693498429760395
mp-12961,1.971085571230287
mp-12962,2.046315634454751
mp-12972,2.0741249674243076
mp-12990,2.1370469578470703
mp-13010,1.7735012084910482
mp-13032,1.7435724742053855
mp-13033,1.5485982224185801
mp-13071,1.9065666755896833
mp-13079,2.2012168137137382
mp-13082,2.343091374071959
mp-13089,1.6714783155976232
mp-13090,1.75987927574526
mp-13092,2.048985302570711
mp-13095,1.96820734096559
mp-13097,1.5605999853075407
mp-13108,2.1956949048428895
mp-13109,2.1972860729411687
mp-13119,1.9631973520922512
mp-13137,2.252705005960811
mp-13138,2.027259885093204
mp-13149,1.6877518477896591
mp-13154,2.3049749611554544
mp-13155,2.0457140589408676
mp-13156,2.0573503460504856
mp-13160,1.885417765110936
mp-13164,2.151320809287365
mp-13171,1.77883111265213
mp-13172,1.956245289953823
mp-13202,1.8920667624082885
mp-13203,1.9496192926325853
mp-13208,1.8493764122144192
mp-13240,2.057411232900184
mp-13270,1.68656477457419
mp-13272,1.6345578741850726
mp-13276,1.6497728273006773
mp-13311,1.6654684163039077
mp-13313,1.6208124857418766
mp-13314,1.5119368093183552
mp-13334,2.2158146285538023
mp-13363,2.309525839064328
mp-13364,1.6716633461616999
mp-13365,1.560062129651679
mp-13444,1.5751531923897566
mp-13447,1.9465455988198237
mp-13450,2.0031976354571954
mp-13452,2.220615340663928
mp-13453,2.2010200258168986
mp-13456,1.8387420774641752
mp-13463,2.32592800625993
mp-13472,2.278124561498471
mp-13495,2.137676863403089
mp-13503,1.9091707697080376
mp-13572,2.2399248132621516
mp-13583,2.08504784792301
mp-13683,2.0487641029084456
mp-13725,1.8511482319336217
mp-13829,1.6202714254390436
mp-13853,2.2306506936999257
mp-13903,1.3295199121858712
mp-13911,1.7605280282836728
mp-13920,1.6386389878583454
mp-13946,1.3002910667770817
mp-13947,1.338277160696772
mp-13948,1.2872192954008053
mp-13962,1.8463123653004356
mp-13963,1.5248762421411006
mp-13964,1.9716422461035905
mp-13983,1.605337374551871
mp-13993,1.866700756042499
mp-14019,2.4179928658976335
mp-14024,2.119120563684648
mp-14069,1.9647921513169415
mp-14070,1.9613024181586451
mp-14088,1.0931764496962486
mp-14091,1.7195135860954047
mp-14092,1.6253124509616739
mp-14099,1.9109177480154522
mp-14112,1.5444525349278302
mp-14115,2.0582665514029928
mp-14116,2.2134832245637144
mp-14142,2.2282334877516043
mp-14208,1.7953376793413112
mp-14285,2.215735354590034
mp-14587,1.8240281555080922
mp-14628,2.1578494804529016
mp-14793,1.9915361753000314
mp-14796,1.3910233693700995
mp-14797,1.3750597535858124
mp-14983,2.079090758604459
mp-15113,2.0064018560557653
mp-15297,2.118148942897076
mp-15316,1.7402047355074497
mp-15322,2.0561918710732203
mp-15641,1.6702922495788317
mp-15642,1.6343664151948571
mp-15643,1.601962264074806
mp-15649,2.181974999285951
mp-15659,2.13321306530236
mp-15661,2.053301298507379
mp-15669,1.7174374856070793
mp-15686,1.7099649543427828
mp-15687,1.4877179909261877
mp-15695,2.0460930705102394
mp-15722,2.5091016682496257
mp-15778,1.9198309142782033
mp-15780,2.295208521589268
mp-15803,1.7129610027405415
mp-15819,2.0594384503339915
mp-15963,2.3426496390788234
mp-15964,2.060792241936834
mp-15965,2.148445317938839
mp-15985,2.1245726892882018
mp-15986,2.1100304908483074
mp-15987,2.1629256704767417
mp-15988,1.7219424493129452
mp-16043,2.2375311715698065
mp-16236,1.4410978647162682
mp-16238,1.6679290148515644
mp-16290,2.2884772709265633
mp-16297,2.006085065255692
mp-16304,2.1017779957121165
mp-16305,2.2439949233207295
mp-16336,2.232014665010184
mp-16337,1.4003825480454286
mp-16356,2.1990032850375765
mp-16363,2.0911849222146923
mp-16481,2.115227631335041
mp-16483,1.899639964681731
mp-16488,2.0313559417430853
mp-16491,1.81583665408319
mp-16493,1.9694625079746368
mp-16495,2.348581321299178
mp-16497,2.0281522085363526
mp-16501,2.19572257907437
mp-16514,2.237588974795371
mp-16521,2.306259857009574
mp-16522,2.0412347311714307
mp-16523,2.1967397662077786
mp-16524,2.1137495469166465
mp-16526,2.3095322272353274
mp-16528,2.0518352754739233
mp-16529,2.048767984575375
mp-16548,1.9272317362946736
mp-16613,2.235740492438318
mp-16648,1.8043371038260256
mp-16718,2.0317557609369876
mp-16719,1.9864806146397644
mp-16723,1.772035506278395
mp-16733,1.9354820739988463
mp-16740,2.1735446320695906
mp-16764,1.4168068718229445
mp-16775,2.0040417873583114
mp-16828,1.8093441972401605
mp-16860,1.779884963192644
mp-16886,1.971419661771866
mp-16960,2.311861891611423
mp-17045,2.2851137872084575
mp-17177,2.1567096349788257
mp-17413,2.3109438354212286
mp-17481,2.172690481755848
mp-17524,1.1295932283679333
mp-17639,1.9063458182094015
mp-17695,1.8589881003426956
mp-17783,1.7593429464478045
mp-17848,2.263652635364075
mp-17856,2.049593989928784
mp-17862,1.8121376156232494
mp-18093,2.352915374553853
mp-18167,1.4491388533936778
mp-18198,2.065120157643158
mp-18257,2.380516949787189
mp-18300,1.5752571417097516
mp-18316,1.833848049531148
mp-18337,2.3310586478145208
mp-18427,2.2040494040679497
mp-18468,2.3121688905778908
mp-18695,2.2595986565767414
mp-18707,1.842584279440326
mp-18712,1.8835705928206181
mp-19717,1.5850205718638741
mp-19728,2.095511071248232
mp-19740,2.0034389891901885
mp-19765,1.3064250275506875
mp-19809,2.205642769192646
mp-19814,2.00987563371216
mp-19817,1.892450800768191
mp-19821,2.2990952535348823
mp-19835,2.2073219291776174
mp-19856,2.1050603293409917
mp-19870,2.228913405994688
mp-19895,1.8772042773999686
mp-19906,2.1077626646905125
mp-19917,1.515423426919187
mp-19940,2.141697423096042
mp-19943,1.8722903295470834
mp-19962,1.9670422529602238
mp-19963,2.2631079674181978
mp-19968,1.6566443217549476
mp-19970,1.9127851578440622
mp-19983,2.014524738877671
mp-19991,1.6798819421128623
mp-20001,1.8437745292981227
mp-20004,2.072804822074928
mp-20007,2.152389260248236
mp-20012,1.5651036882615152
mp-20027,2.243070309363854
mp-20033,2.1879097195481414
mp-20049,1.854767424335244
mp-20061,2.2465650493542406
mp-20066,0.6655809910179531
mp-20083,2.043094937611393
mp-20086,1.8220045340895255
mp-20112,2.209077819246674
mp-20133,2.453122557565686
mp-20144,2.330912722337853
mp-20146,2.1286899935854544
mp-20147,2.2412749616868584
mp-20155,2.0152130095109086
mp-20191,2.3013664435307413
mp-20192,2.2130021413748913
mp-20197,2.2643431441792363
mp-20202,1.865885356849177
mp-20211,2.356492425221655
mp-20249,2.303774731032957
mp-20255,2.1694628182165467
mp-20268,2.178049847032104
mp-20305,1.6861266126054175
mp-20318,2.478622762662315
mp-20327,2.118965382453219
mp-20335,2.357330605135071
mp-20337,2.074395834128362
mp-20344,2.245285590889241
mp-20351,1.77342072329061
mp-20354,1.8879265968624173
mp-20395,2.263344863506975
mp-20401,2.1452212755227613
mp-20418,2.3441858856451554
mp-20426,2.1339538445179573
mp-20432,2.1517925988260282
mp-20436,2.3698631046648124
mp-20452,1.4868695106682162
mp-20465,2.044528001357354
mp-20466,2.131204700589378
mp-20483,1.5967729767595327
mp-20485,1.012330955580147
mp-20492,2.169415778467581
mp-20536,2.098795961739042
mp-20541,2.315086170776704
mp-20545,1.8543424845642227
mp-20557,2.0174966179535616
mp-20563,1.8817953587384642
mp-20565,2.1734048180177767
mp-20566,1.5721277878770994
mp-20586,2.335293379242173
mp-20599,1.8173141067779617
mp-20618,2.1531713271822865
mp-20619,2.1255886061265024
mp-20622,2.2041389826238866
mp-20648,2.3881118633336356
mp-20662,1.7814322255046482
mp-20674,2.03148925570975
mp-20679,2.2981279197388593
mp-20695,1.9848782075050255
mp-20698,1.6888467869545867
mp-20714,1.9599091138523206
mp-20724,1.5365710672276234
mp-20725,2.0595369126341123
mp-20730,2.2088469743060513
mp-20738,2.2674533416076743
mp-20757,2.048597158401606
mp-20787,2.4484589643626373
mp-20793,1.2267029895852217
mp-20800,1.9113121154855008
mp-20817,2.079532158945633
mp-20826,1.0978470774233366
mp-20828,2.2365523758828267
mp-20832,1.3634427412791421
mp-20840,2.222529190037993
mp-20847,2.0278142377442494
mp-20849,2.1108253100549645
mp-20857,2.489838996870779
mp-20860,2.3342385612288234
mp-20862,2.0390609874374945
mp-20865,1.819774182176816
mp-20868,2.4140737614185563
mp-20883,2.0676584491794805
mp-20892,2.2919457501700657
mp-20897,1.9703654751672455
mp-20900,1.9565477919960697
mp-20901,1.986131013300001
mp-20905,2.2877368047683007
mp-20928,2.0462961158648003
mp-20930,2.0848264166974335
mp-20932,2.3331388259824317
mp-20935,2.2052206090738076
mp-20937,2.5047141080149786
mp-20940,2.1671104785966575
mp-20949,2.2116517328884666
mp-20952,2.102605194126567
mp-20971,2.2985692737371926
mp-20987,1.801129187579704
mp-20997,2.064835960415676
mp-21003,2.0884727579744817
mp-21008,2.281019724274845
mp-21012,2.297316143891126
mp-21017,1.8909181885442474
mp-21023,2.1982720984693467
mp-21027,1.825426117767823
mp-21035,1.975914090049001
mp-21069,2.1196879886648117
mp-21075,2.37852689814078
mp-21078,2.220709404879566
mp-21090,2.0668549576604316
mp-21104,2.056432203746807
mp-21117,2.07048486740266
mp-21124,1.7197951706584589
mp-21164,1.832432265740381
mp-21167,2.2810606519078145
mp-21215,2.0445005623706414
mp-21236,1.8993553285684057
mp-21248,2.3876104773082143
mp-21249,1.9537693533494938
mp-21255,2.1950911679246854
mp-21297,1.8356588700082768
mp-21306,2.2684235078019035
mp-21316,2.4119293249675184
mp-21318,1.8745687838543952
mp-21328,2.0078629488875093
mp-21336,2.405599041602014
mp-21340,2.2456113598909075
mp-21342,2.2119104201019035
mp-21347,2.4765055679891548
mp-21371,2.336005188008233
mp-21374,1.3199384399803087
mp-21385,2.023606337460855
mp-21418,1.7763379096201752
mp-21422,2.1500591677121967
mp-21440,2.278705597330896
mp-21447,2.264130433140823
mp-21449,2.3688575094599718
mp-21464,2.5467091933503156
mp-21467,2.218601143315633
mp-21469,2.251178135614749
mp-21471,1.8266772113767886
mp-21476,2.380730275252559
mp-21495,2.3768888801244765
mp-21503,1.733494185687449
mp-21845,2.221252488458434
mp-21850,2.467448267642155
mp-21851,2.2146531403118566
mp-21855,1.548057581318806
mp-21873,2.0239064960297295
mp-21894,1.8395723123563512
mp-21907,2.1815863637368564
mp-22003,1.4075608494863625
mp-22027,1.8986648587222663
mp-22033,2.0365330845410416
mp-22036,2.1121926281838905
mp-22040,2.0424101104283805
mp-22050,1.8635310336015756
mp-22095,2.0081656599879
mp-22120,2.2940559879291254
mp-22144,2.243915677021708
mp-22150,2.1845523207653668
mp-22151,1.8145805160103186
mp-22152,1.683893177775245
mp-22154,1.7266457202409118
mp-22167,2.0392117979143123
mp-22179,1.9646178578824514
mp-22204,2.3491220474763534
mp-22227,2.1649087537484415
mp-22253,1.5083276745471246
mp-22258,2.2755186605118105
mp-22260,2.0511795443744707
mp-22262,2.3887528649278718
mp-22268,2.318518270624902
mp-22275,2.034219233071923
mp-22284,1.794745897799721
mp-22287,2.3486435974597675
mp-22302,2.249291323160272
mp-22304,1.3723411564023453
mp-22309,1.9999652550516314
mp-22315,2.1148944173071835
mp-22318,1.6525074195512992
mp-22320,2.3103597650549865
mp-22344,2.026042721005138
mp-22346,1.8716721581645912
mp-22390,2.220539551893309
mp-22396,2.2734689001351254
mp-22414,1.4332896851950259
mp-22426,2.128124516417466
mp-22434,2.3353254858823806
mp-22444,2.331135644275027
mp-22447,2.0972573096934197
mp-22461,2.0937787805476
mp-22478,2.1829935160234126
mp-22489,2.184694269334348
mp-22493,1.9522983154806741
mp-22498,1.7530925730844045
mp-22508,2.140574030673978
mp-22522,2.1621131510728544
mp-22535,2.2207668785389876
mp-22546,2.290277303019257
mp-22565,2.1887766649817686
mp-22566,1.6571801925067864
mp-22568,2.2270326952645267
mp-22592,2.307493898526259
mp-22598,2.160666574663373
mp-22607,1.44703392947485
mp-22617,1.944758953467554
mp-22619,2.1213923968045854
mp-22631,2.391693577036909
mp-22636,2.2939059115744995
mp-22637,2.254182990661249
mp-22646,2.1123334826248845
mp-22662,2.2138284253904845
mp-22682,1.9612217000136016
mp-22700,1.904434217403545
mp-22716,1.888364858208229
mp-22717,1.7722556772047189
mp-22722,2.2896290805689192
mp-22735,1.4665710723863543
mp-22749,2.3408207366559193
mp-22752,1.9067820380189522
mp-22759,2.512909754713158
mp-22769,2.226891055523679
mp-22787,2.375076233647276
mp-22792,1.922554197014829
mp-22793,2.366441636156833
mp-22862,1.3760291817281802
mp-22864,1.9141791416341907
mp-22865,1.1639957546417437
mp-22870,1.130944568044679
mp-22875,1.2932741397107528
mp-22888,1.299768711919799
mp-22889,0.7919010800095713
mp-22894,1.4065401804339552
mp-22895,1.5824838110477024
mp-22898,1.0235816576649397
mp-22899,1.298612947759947
mp-22904,1.5049735103391466
mp-22905,1.5073295440481163
mp-22909,0.8368302864888789
mp-22913,1.629307640073749
mp-22914,1.7489241523580652
mp-22916,1.289834121485031
mp-22919,1.5348507361534134
mp-22922,1.6080979463252796
mp-22925,1.409679570060356
mp-22934,1.080229524884867
mp-22956,1.0735350650587838
mp-22967,1.4029660015822791
mp-22980,0.9521140849069927
mp-22987,1.228503016659257
mp-22992,1.3584488388202138
mp-23002,1.40844349315213
mp-23034,1.5052856741441323
mp-23037,1.3389144526633288
mp-23052,1.2824181708776474
mp-23054,1.7595847543189775
mp-23056,1.6496074244065975
mp-23060,0.8651632195060862
mp-23067,1.0936317768289476
mp-23152,1.4435289602750616
mp-23193,1.2171943180065046
mp-23195,1.3062534205221172
mp-23202,1.1248627284230566
mp-23209,1.5265331155907425
mp-23214,1.2260325033449588
mp-23227,1.369753752372034
mp-23231,1.5830173075575826
mp-23251,1.1281406831299923
mp-23259,1.414354873342867
mp-23260,1.2061779975199973
mp-23262,1.7277526598097603
mp-23268,1.1789769472931695
mp-23313,1.5012647157334826
mp-23406,0.9353056902899252
mp-23431,0.9221543252310589
mp-23485,1.033664963203177
mp-23513,1.1056464126512362
mp-23560,1.7051364298214502
mp-23703,1.5605044151950567
mp-23709,1.2531683259014423
mp-23710,1.6950787164966363
mp-23711,1.685159304072843
mp-23713,1.6703015282850078
mp-23714,1.575083879018023
mp-23715,1.4772370511426662
mp-23736,1.6087719928092037
mp-23737,1.5393521520395352
mp-23752,1.118496199911788
mp-23804,1.884279793401986
mp-23807,2.198505882176718
mp-23956,1.3629346293801514
mp-24084,1.136847349957454
mp-24093,2.0241448303778347
mp-24154,2.2539410425205153
mp-24237,1.982140020095207
mp-24286,2.117715308760849
mp-24289,2.242958627576595
mp-24719,2.3030447842433657
mp-24726,2.14837125733224
mp-24728,2.2446827677372365
mp-25372,2.0739528426985427
mp-25417,2.1216320564648163
mp-25433,1.6338722626583329
mp-25886,1.7745826523630828
mp-27138,1.0076624465372759
mp-27148,1.9511723194564152
mp-27164,2.1365525229155278
mp-27207,1.3376389321814088
mp-27226,1.9931583695238666
mp-27243,1.0302352960122447
mp-27255,1.3865346350904788
mp-27275,1.8624116712704133
mp-27335,1.6098397643054665
mp-27393,1.1886191672078488
mp-27456,1.338057875419756
mp-27471,2.143289662281102
mp-27505,2.036620911934337
mp-27577,1.5593918665728865
mp-27606,2.040210586485399
mp-27660,1.618089954403986
mp-27677,1.6808429515249257
mp-27678,1.1854854917344693
mp-27691,1.0974308539442421
mp-27726,0.6469915374771225
mp-27731,2.1672493785944353
mp-27743,1.1378918982473598
mp-27757,2.140489187586239
mp-27827,0.9845273133437926
mp-27828,0.9602804644366421
mp-27831,1.022139570398392
mp-27834,1.138113146487167
mp-27838,1.234896745731588
mp-27839,1.08771044886063
mp-27848,1.3813858660133773
mp-27888,2.2975876340554735
mp-27891,1.6358655971903373
mp-27919,2.2267081431618814
mp-28020,1.0310042813635367
mp-28024,2.1017264582126707
mp-28110,0.9333354100776513
mp-28145,1.0338256939533104
mp-28163,1.380283618094059
mp-28230,1.1283023171643503
mp-28266,2.0426699996003075
mp-28270,1.2232622468766308
mp-28339,1.9790290961326693
mp-28376,1.4885648167417371
mp-28645,2.0304539882781447
mp-28711,1.0669591978671222
mp-28782,1.3609340515483865
mp-28895,1.9430441594982295
mp-28896,2.291315559515642
mp-28897,2.373329534602078
mp-28945,2.0342593700812674
mp-28980,1.0949251011241623
mp-29009,1.2991148836005368
mp-29011,1.8693314786265736
mp-29069,1.7635178382997132
mp-29076,2.3596021523296056
mp-29111,2.239642273741755
mp-29135,2.0856615506072274
mp-29145,0.9491459524199438
mp-29152,2.199834680960587
mp-29153,2.1982005630169463
mp-29154,2.235402180158032
mp-29157,2.088798547019
mp-29208,1.5403044426872383
mp-29209,1.5006206362676746
mp-29352,1.93474582763272
mp-29362,1.0329811930973678
mp-29398,0.8444771757456814
mp-29403,0.9396190789566982
mp-29481,0.987978915875482
mp-29556,1.1636979458925691
mp-29638,1.9358245576911064
mp-29641,1.2597849455330705
mp-29646,2.0589913021995536
mp-29661,2.257104735255317
mp-29674,2.362574827906735
mp-29678,1.790580693414551
mp-29733,1.8449801440825684
mp-29736,1.9090583379372
mp-29748,1.3927321173811298
mp-29752,2.29133998533967
mp-29889,1.1292063577475293
mp-29896,2.1754480271133287
mp-29898,1.2714698586157451
mp-29973,1.5922767113744214
mp-30062,1.0050946750725487
mp-30147,2.137676863403089
mp-30151,1.4639079129384835
mp-30156,1.9823436094220213
mp-30175,1.7937764200135107
mp-30177,2.0664377464539925
mp-30180,2.0480881640993136
mp-30208,2.0543487208735676
mp-30227,1.0437551269686796
mp-30242,1.9468696552248288
mp-30244,1.7929167282266019
mp-30245,1.7387092268906084
mp-30247,1.713750873736441
mp-30312,1.9842256777349832
mp-30338,1.69742987422858
mp-30353,2.3018305307163844
mp-30354,1.9508271416074345
mp-30357,1.3294385607794512
mp-30363,1.6499576148423731
mp-30365,2.170839412168053
mp-30383,2.1238679675204195
mp-30404,1.7343356943721042
mp-30405,1.7467275855591413
mp-30408,2.0473488664172317
mp-30410,2.105755364197959
mp-30423,2.097833209732244
mp-30428,1.3126850063887592
mp-30435,1.440121603187804
mp-30437,1.8221877006634088
mp-30438,2.261424657966625
mp-30441,2.1462862141444594
mp-30443,2.1816921299091665
mp-30449,1.7520100129787652
mp-30451,1.6078623183483567
mp-30459,1.942984736972307
mp-30460,1.904802071051125
mp-30461,1.920983754507378
mp-30472,1.7295859159156566
mp-30481,2.22501448186616
mp-30483,1.5064915027710166
mp-30485,1.3510034985663437
mp-30488,1.4773672852240132
mp-30490,1.6017558787388015
mp-30491,1.6351719884405616
mp-30493,2.1889031843162856
mp-30494,1.786403563431681
mp-30501,1.9507687745768856
mp-30533,1.499549625905149
mp-30536,1.9552017227205525
mp-30555,2.2919767922687817
mp-30563,2.14853787594022
mp-30570,2.3109013840525385
mp-30572,2.075583455193813
mp-30581,2.093278064048097
mp-30591,1.721530334801461
mp-30593,2.1563158901290844
mp-30594,2.1620204511861885
mp-30595,2.2480689478255025
mp-30599,2.1435830728740637
mp-30603,2.135533353679754
mp-30648,1.583436833621938
mp-30656,2.1057179151866285
mp-30671,2.0792282920682177
mp-30672,2.0748383741560454
mp-30682,2.0553630390465454
mp-30683,1.9980019994007752
mp-30684,2.0453894872630967
mp-30685,1.9883984076854733
mp-30686,2.0445711162627473
mp-30719,1.646844659233717
mp-30722,1.8029241634632753
mp-30725,1.7960675920470381
mp-30726,1.7732816682569204
mp-30727,1.8434819430399576
mp-30737,1.7401889369486563
mp-30739,1.8859206922421894
mp-30744,2.5234342867464368
mp-30746,2.114751056635227
mp-30764,2.131150117787773
mp-30767,1.443216034165833
mp-30768,1.4819583156579723
mp-30769,1.4736621123502744
mp-30777,2.2645793676520922
mp-30778,2.0513802260719354
mp-30784,1.8368682255260944
mp-30787,2.4289087039273642
mp-30788,2.3349581244303907
mp-30798,2.148068712044147
mp-30811,2.3544311575897368
mp-30816,1.8345097153899654
mp-30817,2.0204400121061896
mp-30818,1.927385763279514
mp-30819,2.0947435690722367
mp-30820,1.907368359192106
mp-30821,2.0767933117189523
mp-30835,2.3120016559814034
mp-30836,2.323227341585769
mp-30840,2.189077439491854
mp-30842,2.2311330347548903
mp-30846,2.0093956493468905
mp-30847,2.1366254557609317
mp-30849,2.3872705569699004
mp-30850,2.4143782911251868
mp-30851,2.3074318517197465
mp-30852,2.3811782790504847
mp-30856,2.3257906021231753
mp-30858,2.3453325539609797
mp-30866,2.4515423640468255
mp-30867,2.172740085898596
mp-30871,2.251725800419988
mp-30875,2.05901404965828
mp-30876,2.012862522676029
mp-30882,2.0232112923288885
mp-30883,2.0987855837121128
mp-30884,1.8583807752685109
mp-30885,1.8937950400535846
mp-30886,1.9021280459105723
mp-31011,2.0261122483664638
mp-31055,1.9854758739548402
mp-31059,1.6337612531351142
mp-31080,1.944344465553711
mp-31081,2.187427647760727
mp-31138,2.167237559047385
mp-31147,1.6423062063856693
mp-31153,1.9528456977420416
mp-31160,1.667826378950711
mp-31172,1.4777432977859462
mp-31185,2.3101152843319896
mp-31187,2.2652495425442947
mp-31212,1.6615476756024092
mp-31219,2.426688521433904
mp-31277,1.8536738808715543
mp-31301,1.7955393969296067
mp-31326,0.7884512070234556
mp-31337,2.1554453565817537
mp-31379,2.027630890554503
mp-31383,2.030882953109667
mp-31438,1.8973081250739485
mp-31451,2.0727129961291655
mp-31452,1.997264030689812
mp-31453,2.1756016780903087
mp-31454,2.2457667544473905
mp-31455,2.2081321878449893
mp-31456,2.154436146580525
mp-31457,2.1352058230370923
mp-31458,2.159988050381987
mp-31459,2.217704983326783
mp-31460,2.286755028765562
mp-31469,2.072870924735924
mp-31496,1.673076227743187
mp-31498,1.6955604727757734
mp-31502,1.7279883338825004
mp-31510,1.8192345550577165
mp-32679,2.354956982041597
mp-32994,2.352244280045822
mp-33107,0.7709992051639407
mp-34202,1.1584228065848825
mp-35143,1.6794278966121188
mp-35539,1.5408048108305004
mp-35785,1.7914871354312214
mp-36111,1.7323615886698072
mp-37091,1.3660305139831936
mp-37473,2.1288223704177156
mp-37906,1.9942423437325894
mp-38035,1.7968240154388488
mp-38394,1.3266430361026347
mp-38818,2.4290089845808907
mp-38970,1.336739833491843
mp-504659,2.1736319930004133
mp-504741,2.258004773050617
mp-504908,2.150618303041024
mp-505071,2.2130978688944953
mp-505206,1.320478633157618
mp-505215,1.8211399924655751
mp-505297,2.2278687157122836
mp-505517,2.2644659964202787
mp-505540,2.2470939733048034
mp-505554,2.2362903185619154
mp-505803,2.058293134312226
mp-505822,2.2786690195810575
mp-505824,1.4364647981416185
mp-505825,1.5144680582877525
mp-510219,2.068282360909297
mp-510311,1.475206142656218
mp-510346,1.4256972133625911
mp-510347,1.4891847745799982
mp-510409,2.2466807296202083
mp-510412,2.362919565141023
mp-510437,1.9471198969384094
mp-510441,2.083047303684814
mp-510623,2.3387691527461696
mp-510691,2.0457844159838734
mp-530399,2.2924377279897072
mp-540284,1.637939801558909
mp-540791,2.252032191312375
mp-540839,0.9917132757130894
mp-540925,1.243781916093795
mp-540957,0.8744238305865019
mp-541014,0.9104643159956136
mp-541037,1.1354506993455138
mp-541487,1.3518349434774415
mp-541837,1.0314892557097501
mp-542136,1.5872618496925341
mp-542429,1.8168574945039644
mp-542569,2.308528131917059
mp-542640,2.1495639472212873
mp-542812,0.9839869219651897
mp-542854,1.7668959540175406
mp-542915,2.02615723072851
mp-543001,2.0176926321563085
mp-545974,2.083305494270303
mp-546011,1.8736809109163404
mp-546125,2.153967221645479
mp-546279,1.3575727840516776
mp-549158,2.0812464648742077
mp-549706,2.044147620878723
mp-550306,1.7887479865901688
mp-550893,2.402529616193686
mp-550908,2.1878871784095475
mp-551918,2.101049030827831
mp-552454,2.2510222291583504
mp-552588,2.1599129272249775
mp-553243,1.821198993187763
mp-553303,0.8004421213362566
mp-553432,1.3362795743503302
mp-553875,2.1978950290596613
mp-553946,2.1534398377569595
mp-553961,2.221789681550098
mp-554089,1.3001605369513523
mp-554278,2.2566480031686664
mp-554405,1.8386035505448037
mp-554573,1.3817286185351103
mp-554601,1.8434445774106214
mp-554973,1.8460957703720506
mp-555280,1.8422784008766477
mp-555370,1.9471149916237966
mp-555599,1.7704617073683584
mp-556125,1.673389578188305
mp-556194,1.636347455108831
mp-556548,1.942588378883805
mp-556605,2.288023297904588
mp-557373,0.9275756546911106
mp-557862,1.6615476756024092
mp-557993,1.7116385382323491
mp-558432,1.4416008842969312
mp-558781,2.250459038260734
mp-559598,1.9380741947803877
mp-559676,1.450125886731954
mp-559976,1.5333398359919685
mp-560588,1.8393523288954212
mp-561511,2.143423906620062
mp-567164,2.441827053167749
mp-567191,1.74499667403856
mp-567197,1.8881120691014788
mp-567220,2.0890993307135264
mp-567276,2.2881552897276825
mp-567313,1.283255987338656
mp-567345,2.338119685203549
mp-567395,1.4610480916706579
mp-567397,2.5261453526347117
mp-567412,1.7949687808001529
mp-567462,2.2503516809492456
mp-567510,1.5143750630327109
mp-567612,2.3752519820689635
mp-567636,2.211827763620743
mp-567652,1.2845660772669736
mp-567666,1.3914467787372553
mp-567681,1.0645328611315783
mp-567705,2.040170995754451
mp-567713,1.0783117873349959
mp-567749,2.2287569907978404
mp-567750,2.276367581922535
mp-567769,2.013843789202079
mp-567841,1.9632020790812952
mp-567842,2.134330135937019
mp-567871,2.2685920113482165
mp-567889,2.0556382186063806
mp-567907,2.172687563688651
mp-567929,2.1684974835230326
mp-567981,2.300673728099148
mp-567982,2.013010064809744
mp-567996,2.2853682485020888
mp-568014,2.200505769971024
mp-568077,2.627556330792799
mp-568186,2.223192114122435
mp-568284,1.1234923014226517
mp-568293,1.8595885767354927
mp-568328,2.1597325786123975
mp-568346,1.4004861817912044
mp-568419,1.8796634761156068
mp-568560,1.2055020947441957
mp-568565,1.9870805555670608
mp-568598,1.2384224958854797
mp-568607,2.0790581785090274
mp-568636,2.297530722758824
mp-568661,1.389945342268887
mp-568671,2.2857980169501486
mp-568673,2.1861706195134105
mp-568695,1.628674959262638
mp-568711,2.244415676993407
mp-568718,2.0258627161305425
mp-568746,1.7445589559390429
mp-568792,2.258996253248911
mp-568803,2.3582794790888113
mp-568809,1.4561078093069328
mp-568827,2.161176271319923
mp-568865,1.9420179796398815
mp-568901,2.4853252714734873
mp-568912,2.1272214588241676
mp-568914,1.0920184707527971
mp-568920,1.9928935746442193
mp-568974,1.8031975539742726
mp-569018,1.5650327521560758
mp-569066,0.8834342936830093
mp-569073,1.5402794091407055
mp-569125,1.5933303805230623
mp-569151,2.013233390378406
mp-569167,2.4504092441334295
mp-569196,2.1271890562843
mp-569249,2.302499764105305
mp-569250,2.435138541798634
mp-569265,1.844004724572229
mp-569298,1.9710345069803505
mp-569331,1.7917678188889261
mp-569346,1.5862271184749506
mp-569364,2.1353839285897975
mp-569426,1.5452204963930705
mp-569446,1.9644482079166607
mp-569458,2.3396660509910037
mp-569511,2.080067026687818
mp-569522,2.137167311914382
mp-569558,2.0798755619139793
mp-569568,2.3534314885638397
mp-569581,1.5465550012142977
mp-569624,2.2714001204410623
mp-569628,1.7268901407418216
mp-569639,1.255393125707304
mp-569662,1.2805328444513824
mp-569671,2.018246831734444
mp-569775,2.011113496338032
mp-569779,1.9965116721541787
mp-569785,2.1219994965596563
mp-569788,1.7163539783636732
mp-569803,2.5060596861228466
mp-569815,2.2640145799809783
mp-569833,2.0295217558803462
mp-569834,1.876916077297879
mp-569837,2.0385804259615785
mp-569849,1.4726248249846687
mp-569875,2.2907511625940478
mp-569886,1.5968279250094006
mp-569989,2.355208155087589
mp-570001,2.021644036087443
mp-570074,2.278181784567518
mp-570081,0.8584168777234884
mp-570097,1.6290220273827594
mp-570112,2.490852851028031
mp-570150,1.7517485658164957
mp-570196,2.0284939836922247
mp-570197,1.716787705699772
mp-570198,1.6760439680197772
mp-570199,2.205345134853464
mp-570213,1.4960435585398095
mp-570256,1.0867156639448825
mp-570276,2.0280178661024766
mp-570287,2.3233964971318755
mp-570377,1.5376806022891658
mp-570430,2.4076780727853824
mp-570452,2.058684094835026
mp-570483,2.2732397789952223
mp-570485,1.7134485396622252
mp-570491,2.345059905610447
mp-570553,2.1312207530490967
mp-570557,2.3007367479064404
mp-570578,1.879869691102249
mp-570632,1.759939665717116
mp-570670,2.327136109710986
mp-570673,2.202436547380182
mp-570677,1.4655464247259657
mp-570684,2.4222433822104295
mp-570689,1.8633169108402292
mp-570691,2.057361762985039
mp-570698,2.248529886048545
mp-570713,2.2083445968897735
mp-570744,1.7647662521772096
mp-570751,2.2306481402056164
mp-570784,2.2942633610608
mp-570832,2.1998182331118015
mp-570896,1.753896985507329
mp-570904,2.224942044261786
mp-570923,2.3076393528368664
mp-570930,1.2390490931401914
mp-570935,1.1720188094245565
mp-570963,2.3798727220290306
mp-571033,1.0477420181806416
mp-571039,1.7931195731553604
mp-571053,2.0715911534579923
mp-571059,1.756232810582397
mp-571126,2.3533063679869337
mp-571160,1.8121108412030995
mp-571193,2.1367776239970926
mp-571222,1.0135113334658998
mp-571247,2.132621450886326
mp-571262,2.0749772606736383
mp-571263,1.687965711338427
mp-571264,1.6193646798901176
mp-571270,1.4317174896460134
mp-571367,2.1989181349116698
mp-571420,1.969928189428116
mp-571458,1.2575345859806788
mp-571499,2.4362914845329673
mp-571513,1.0957967936048023
mp-571555,1.0973961506415024
mp-571594,1.1681437754959583
mp-571599,1.7776225370647991
mp-571619,2.2135071319248807
mp-571622,2.121375976918919
mp-571651,2.0272476487457864
mp-573697,1.0873909449971877
mp-580234,2.2572416612696795
mp-580287,2.045596771867579
mp-580357,2.175558197479897
mp-580886,1.3485190362071462
mp-581733,2.0816532947696618
mp-581786,2.025997726780487
mp-582360,2.3038286724831303
mp-600124,2.0082935027022852
mp-601285,2.1983628765012577
mp-601820,2.2607461675553764
mp-601848,2.2874635649738604
mp-604908,1.0294243640580165
mp-605663,2.2047167274004837
mp-607111,2.339940120236931
mp-607475,1.9275089455478536
mp-610972,2.09916940563891
mp-614603,0.9150831016512005
mp-615314,2.305963679811073
mp-616378,1.1826143477363498
mp-616559,2.168836183609161
mp-618991,1.960813131089483
mp-620571,1.784809794314824
mp-622209,2.0527593312110386
mp-622570,2.1144708666371836
mp-625055,1.9634903281645333
mp-625136,1.3811511951734614
mp-625487,1.737232411440803
mp-628606,0.9557839289169114
mp-636328,2.253764335225225
mp-636334,2.246503504741605
mp-637614,1.7280208306168556
mp-639874,2.208306962353663
mp-639910,2.070566090867616
mp-641526,2.2309110712846025
mp-642644,2.279552881150386
mp-642659,2.2826946025161376
mp-643002,1.8810649531728645
mp-643009,1.5783870397109974
mp-643063,1.34022592125719
mp-643101,1.1343046349545447
mp-643243,1.0745604678028955
mp-643257,1.1651849516660067
mp-643260,1.3127695570522995
mp-643279,1.1911994197015183
mp-643367,0.9899834583013991
mp-643370,1.5864410150551582
mp-643409,2.0141928042043102
mp-644225,1.6477935950352383
mp-644264,1.7579575151766118
mp-644278,1.9798805693961123
mp-644280,2.27600198996205
mp-644481,2.266191700231781
mp-646824,1.6937181574483908
mp-669546,2.175532107023969
mp-669692,2.29296012100748
mp-669918,2.2718834082716044
mp-672254,1.760430023192518
mp-672287,1.5096460022608036
mp-672299,1.930470177808289
mp-672340,1.978326627198064
mp-672371,2.225831155455947
mp-672645,2.2738944206046985
mp-674478,1.7161035538760399
mp-675120,1.7145979669372702
mp-675748,1.6129533044323427
mp-676058,1.891933104205245
mp-676512,1.6766387479094975
mp-676586,1.636347455108831
mp-680677,2.099780745151558
mp-684709,1.9873533887357937
mp-685097,2.3190643983685093
mp-685194,2.0362335394173363
mp-690760,2.1063405109352393
mp-690785,1.3489859568078575
mp-696497,1.7349357752741934
mp-697030,1.8756052383225592
mp-697096,1.3561406335181276
mp-697111,1.1932916025795164
mp-697179,2.0759883305857834
mp-752398,1.9920451444588827
mp-752463,2.248938926595153
mp-752496,2.1902952719442363
mp-752947,1.7255931417665027
mp-753059,1.5863847366943513
mp-753098,1.7605883281181136
mp-753197,2.2618193609190222
mp-753257,1.4428715548211977
mp-753490,2.104766990822526
mp-753508,1.5810275528083806
mp-753605,1.4190962173779913
mp-753657,2.274213287573893
mp-753708,2.1313202650583354
mp-753722,1.6192603348517975
mp-753848,1.9530634898943062
mp-753890,2.3045357644259847
mp-753946,1.8808707325324234
mp-754126,2.168965703372647
mp-754134,2.30924466647383
mp-754157,2.2597921088973805
mp-754213,2.0579132239683537
mp-754238,1.9577221899133725
mp-754246,1.3992236215272695
mp-754322,2.0210941574770613
mp-754333,2.364841678374594
mp-754344,2.007922655103078
mp-754358,1.8056503547817704
mp-754363,2.0381470677359528
mp-754364,2.1595852383358123
mp-754375,2.151786474972846
mp-754403,2.2287646846657916
mp-754455,2.142689738876986
mp-754478,2.3104808914626753
mp-754515,1.5213342567775683
mp-754516,1.777615289945713
mp-754538,1.5915431807515372
mp-754567,1.8423158669714432
mp-754624,2.27251227081043
mp-754701,2.132000188322492
mp-754741,2.038568504456152
mp-754826,1.79755143643729
mp-754850,1.7177952823399696
mp-755000,2.1133482954612055
mp-755071,2.145494745066455
mp-755089,2.188284294671914
mp-755115,1.6770317704810023
mp-755264,2.370988388350616
mp-755300,2.3194038186553483
mp-755302,2.2103586560937067
mp-755309,1.04563587107822
mp-755313,2.2371690981400008
mp-755318,2.1904101442817803
mp-755328,1.9424446096981056
mp-755378,1.9371466272319529
mp-755453,2.1150410629776792
mp-755483,2.327667429342357
mp-755570,1.8588138067778261
mp-755690,2.2592186660580773
mp-755759,2.3302006326417035
mp-755769,2.203427273676181
mp-755875,2.253667478809225
mp-756018,1.898878692908451
mp-756134,2.1596273406586737
mp-756214,2.2756706220228566
mp-756361,2.0859288822403017
mp-757100,1.8446635282402393
mp-758052,1.8632395627800906
mp-758104,2.1527102002644596
mp-758594,2.243992447092752
mp-759877,1.725625818213062
mp-760375,1.12165831249807
mp-760376,1.7197372122889276
mp-760381,1.9121369966522233
mp-760396,2.334069552343341
mp-760410,1.494988973683168
mp-761842,2.2612747671084596
mp-764648,2.14870751439305
mp-766486,1.6705612516052921
mp-768305,2.0890922558427194
mp-769096,2.0689461392084456
mp-769365,1.8524555943850787
mp-773864,2.21435631728006
mp-774712,1.730491572421209
mp-774922,0.7885925559203594
mp-775808,2.062709809678022
mp-775909,2.289089271130912
mp-775935,2.1063337114318315
mp-776083,1.3426989621395915
mp-776532,2.3254089238149396
mp-776911,2.0627436395298817
mp-779517,2.131249645981475
mp-779545,1.6360664362994952
mp-780260,1.4383682796879347
mp-784630,2.3809922690651013
mp-784631,2.345112879478156
mp-850251,2.098519129449006
mp-861738,1.5624118329497274
mp-861979,2.218603768633265
mp-862260,1.8976600744289636
mp-862316,2.219642148920926
mp-862318,2.01638977278846
mp-862360,2.1379456403263735
mp-862586,2.4728851101037863
mp-862631,1.4981312841515828
mp-862657,2.161302104279818
mp-862658,1.9659210081107343
mp-862664,1.9347357333950406
mp-862669,2.3410524940252446
mp-862679,2.181517744876915
mp-862779,2.512085094016112
mp-862868,1.3975402738424574
mp-862871,1.469409608516755
mp-863744,1.7089644902636059
mp-864631,2.2435117916109775
mp-864639,2.3811475838622393
mp-864670,2.390689643711927
mp-864794,1.9567397474824169
mp-864798,2.3257741927534323
mp-864889,2.0059051622228408
mp-864920,2.058881339349561
mp-864921,2.2510660835064837
mp-864940,2.080381135032112
mp-864952,1.6801450711617496
mp-864953,2.3654617766744943
mp-864954,2.391397402242971
mp-864955,2.184972354017005
mp-864957,2.3029237277524195
mp-864969,2.0261531416153877
mp-864972,1.9446751009309653
mp-865026,2.3853989065689065
mp-865050,2.189392045912569
mp-865051,1.3603093443420586
mp-865130,2.238445069080736
mp-865146,2.26104626246778
mp-865147,2.2615412039898244
mp-865152,2.0940201786861237
mp-865191,2.3494815105208766
mp-865193,2.3259321072078145
mp-865229,2.3644327911381553
mp-865441,2.199151571205089
mp-865444,1.9537983369087217
mp-865520,1.988478689700986
mp-865523,2.2643620467861347
mp-865525,1.880899299839252
mp-865527,1.847584996878279
mp-865531,2.2016510713608946
mp-865586,2.3745723936196073
mp-865594,1.9994611406805733
mp-865604,1.2408486584853606
mp-865665,2.4334097721533197
mp-865733,2.4590726810445234
mp-865798,2.095382086174857
mp-865840,2.350139431139722
mp-865842,2.364742305423332
mp-865939,1.4795753101749884
mp-865985,2.1328358043383724
mp-865986,1.5718834459564142
mp-865989,2.3395210023571535
mp-866115,2.286790931813053
mp-866132,1.3900514964589874
mp-866152,2.2815196865810794
mp-866155,2.321447219131472
mp-866161,2.39974119625821
mp-866165,2.0399611046047275
mp-866169,1.355183236009675
mp-866171,1.919527851281481
mp-866224,2.2960747627558487
mp-866291,1.4405627672619208
mp-866311,1.7734353580729032
mp-867137,2.288255934497745
mp-867144,1.6074979143787844
mp-867222,1.6815306705631763
mp-867266,1.524746532301446
mp-867281,2.4564874971158237
mp-867306,2.1294352978259283
mp-867319,2.300699806369904
mp-867351,2.476643267848566
mp-867840,2.31394732555537
mp-867917,2.3008562431183934
mp-935811,2.2370659525554037
mp-945184,1.62676111087171
mp-950995,1.4278105726759902
mp-971662,1.8802989914257526
mp-971669,2.0021747043467686
mp-971706,2.183275539310793
mp-972088,1.9735111571873474
mp-972220,2.3690265082876594
mp-972845,2.2989119967896277
mp-972954,1.6332664111554245
mp-973364,1.5562663080524113
mp-973374,1.4546314699523923
mp-973455,1.4737642460751348
mp-974625,2.544889943972319
mp-975065,2.5625937916921524
mp-975906,1.7956436968609188
mp-976139,1.2862992509428288
mp-976256,1.2767604225577776
mp-976262,1.410659156691367
mp-976280,1.289165152649889
mp-976334,1.5326397406865682
mp-977059,2.146283113159587
mp-977207,1.3102471084282825
mp-977218,1.3238294001756692
mp-977382,2.3575975664017985
mp-977580,1.8096943587169239
mp-978268,1.6993259798811442
mp-978273,1.57860483173552
mp-978534,1.8640480615152317
mp-980200,2.097392680158706
mp-985805,1.9738618375075525
mp-985806,1.983314998858912
mp-985825,1.8062613965661154
mp-989399,1.6236110517531817
mp-989512,1.3587151138021318
mp-995122,1.0759846847441197
mp-996975,2.0460735419147613
mp-996990,1.918873978335956
mp-997031,2.1338836524167615
mp-997034,1.8843818229604476
mp-998147,1.5913874239421353
mp-998552,2.2019321513429078
mp-998866,2.5506110975117884
mp-998981,2.0117776038172526
mp-999027,2.032062443294048
mp-999068,2.070370390367003
mp-999079,2.0234417789904766
mp-999096,2.0192201762224524
mp-999133,2.3049857202066724
mp-999198,2.489493014953506
mp-999473,2.2289287880533983
mp-999540,1.7101173651118162
mp-999545,2.098519129449006
mp-1001023,1.9095613776624523
mp-1001833,1.5451586143334477
mp-1002124,2.200905191684992
mp-1002206,2.402636175921781
mp-1006226,1.5837653682849997
mp-1008274,2.4378139588473458
mp-1008557,2.411471549243564
mp-1008610,2.235662249593315
mp-1008632,2.3398805546770536
mp-1008785,2.453637826541659
mp-1008920,2.243015712967159
mp-1008922,2.309223358100412
mp-1008929,2.2862835259316503
mp-1009083,1.7466731124703232
mp-1009488,2.4121866119226456
mp-1012551,1.465055519951821
